Tg,Ta,Tc
33.4925,24.0,36.59
33.97,24.0,37.19
34.82,24.0,37.34
34.302499999999995,24.0,37.09
34.669999999999995,24.0,37.04
34.285,24.0,36.99
33.677499999999995,24.0,36.59
33.46,25.0,36.49
35.19,25.0,36.59
35.215,26.0,36.89
33.730000000000004,22.8,36.54
33.34,23.0,36.74
34.055,23.0,36.54
34.269999999999996,23.0,37.19
34.8825,23.5,37.79
34.230000000000004,23.7,36.49
33.7725,24.0,37.09
34.31666666666667,22.5,37.19
33.92999999999999,23.2,36.89
34.0925,22.6,36.54
34.39,22.9,37.04
35.2025,23.0,37.04
34.17,23.1,36.14
34.0425,23.1,36.99
34.7975,22.9,37.09
33.05,22.9,36.59
34.66,23.2,36.89
33.935,22.5,36.64
34.4675,23.4,37.14
34.042500000000004,23.2,36.59
34.9975,23.1,37.39
34.1125,22.8,36.49
33.83,22.8,37.19
34.1,23.0,37.39
33.557500000000005,23.2,36.74
33.897499999999994,23.2,37.04
34.53,23.2,36.59
34.7025,23.2,37.29
34.475,23.4,37.29
33.9825,22.9,36.69
34.47,23.1,37.04
34.5725,23.2,36.79
34.7725,23.4,37.04
33.5,23.0,35.99
34.2,23.4,37.09
34.0975,23.4,36.74
34.6125,23.4,36.84
34.2275,23.5,37.09
34.667500000000004,23.1,37.34
34.435,23.2,36.94
34.37,23.0,36.99
34.0175,23.0,36.64
34.5925,23.7,37.09
34.5025,23.7,36.54
34.167500000000004,23.2,36.64
34.5825,23.4,36.84
34.445,23.4,36.89
34.442499999999995,23.2,37.04
34.24,23.2,37.09
34.9525,23.4,37.79
34.415,23.5,37.04
34.555,23.0,36.84
34.01,23.1,36.84
34.75,23.5,37.14
34.714999999999996,23.5,37.04
34.3425,23.6,37.19
35.46249999999999,23.2,37.99
34.225,23.0,37.04
33.754999999999995,23.4,36.39
34.99250000000001,23.3,37.19
33.4825,22.8,36.54
34.1075,23.4,36.89
35.705,23.5,38.69
34.457499999999996,23.6,36.79
32.529999999999994,23.7,36.79
34.3675,24.2,37.19
34.97666666666666,23.5,37.09
34.255,22.8,36.79
35.833333333333336,23.4,38.54
34.667500000000004,23.6,36.29
34.5475,24.0,36.64
36.0925,24.8,38.59
34.1225,25.0,36.09
33.94499999999999,23.3,37.04
34.2675,24.4,37.09
35.015,24.6,37.14
35.065,24.6,36.94
34.8625,25.3,37.29
34.5475,25.3,36.94
35.0075,25.7,36.84
34.36,25.1,37.39
33.955000000000005,25.5,36.94
34.615,25.5,36.29
35.95,25.7,37.79
35.4925,25.7,37.44
34.4175,26.0,36.94
35.05500000000001,26.0,36.79
34.095,25.8,37.24
35.885000000000005,25.6,38.09
32.2625,22.7,36.49
34.7025,23.4,36.94
33.5775,23.5,36.79
34.655,23.8,37.34
34.5225,23.8,36.99
35.1375,23.6,37.99
33.67250000000001,22.9,36.14
34.03666666666666,23.3,36.69
33.589999999999996,23.3,36.34
34.43333333333333,23.2,36.99
34.8425,23.2,37.29
34.800000000000004,23.6,36.89
34.9425,23.5,37.34
33.0925,22.7,35.64
33.800000000000004,22.6,37.24
33.697500000000005,22.8,36.59
34.05,22.7,36.19
34.23,23.4,37.04
34.445,23.4,36.69
34.07,23.7,36.89
34.112500000000004,23.7,36.94
33.269999999999996,22.8,36.54
34.4975,22.7,36.84
36.975,23.2,40.34
33.98,23.2,37.09
33.7325,22.8,36.99
34.7825,23.2,36.79
34.68000000000001,23.4,36.64
34.545,23.4,36.89
35.0,23.3,37.44
34.4975,23.6,37.99
34.917500000000004,23.8,37.39
34.05,23.4,36.69
35.95333333333334,23.7,38.39
34.362500000000004,23.0,37.09
34.182500000000005,22.7,37.04
33.720000000000006,23.2,36.64
35.5175,23.8,38.04
34.445,24.1,36.84
33.852500000000006,25.1,36.74
35.2,25.0,37.99
34.697500000000005,25.2,37.09
33.85249999999999,23.1,36.64
34.985,23.7,37.04
34.9775,23.9,37.04
34.085,22.7,36.89
34.42,23.2,37.14
34.275000000000006,23.3,37.94
34.635,23.6,36.99
34.09,24.4,37.24
33.0625,22.7,36.59
35.275000000000006,23.4,37.99
33.917500000000004,23.8,37.14
35.165000000000006,24.4,37.09
34.925,25.8,36.79
34.997499999999995,26.2,36.44
35.0975,26.5,38.44
36.105000000000004,26.4,39.64
34.1875,23.7,36.79
34.455,24.0,36.74
33.165000000000006,26.1,36.84
35.4125,26.4,36.99
34.2975,26.5,36.84
33.7475,22.8,36.39
34.23,23.1,36.69
34.4975,23.1,36.89
34.3825,23.4,36.99
31.28,22.8,36.44
34.5225,25.3,37.14
34.61,25.4,37.24
34.900000000000006,25.6,36.69
34.4825,25.2,36.99
33.61,23.1,35.94
34.6625,23.2,37.14
33.9825,23.6,36.84
34.01,23.7,37.04
34.545,23.9,37.09
34.692499999999995,23.3,36.99
33.065,22.6,36.24
34.045,22.7,37.14
34.2925,23.0,36.79
34.415000000000006,23.0,36.34
34.98500000000001,23.2,36.89
34.035,23.2,36.64
35.0,23.5,37.19
33.31,22.7,36.79
34.0575,23.0,36.99
34.05,23.2,36.54
35.10666666666666,24.7,37.04
34.3275,23.1,37.14
34.0925,23.5,36.99
34.85,23.7,37.19
35.1825,24.4,36.99
33.71,23.8,36.94
33.695,24.1,36.44
34.0025,25.3,36.84
34.9275,25.9,37.24
34.1875,25.5,37.04
34.865,25.6,37.09
35.080000000000005,26.0,37.34
34.805,26.0,36.69
34.3575,22.0,36.79
33.6425,22.2,36.89
34.535,22.4,37.29
34.3675,22.4,37.14
34.23,22.7,36.59
32.9375,22.1,36.19
34.78,22.1,37.24
33.775,22.4,36.54
33.9925,22.3,36.79
35.0,23.2,36.94
34.37,23.4,36.19
34.620000000000005,23.5,37.14
33.8375,23.0,37.64
33.6375,22.5,36.84
34.61,22.6,36.89
32.07,22.7,37.34
34.3175,22.7,37.09
34.035,22.6,36.59
33.8725,23.0,36.94
33.825,22.9,37.09
34.62,22.6,36.79
34.56333333333333,22.5,36.44
33.589999999999996,22.7,36.49
34.345,22.1,36.39
34.135,22.4,37.34
34.31,22.7,36.54
33.16,22.7,36.79
33.540000000000006,22.6,36.59
34.519999999999996,22.9,37.49
34.035000000000004,22.2,36.79
32.2275,23.0,36.59
34.057500000000005,22.2,36.74
33.965,22.2,36.69
34.2675,22.7,37.24
33.995000000000005,22.7,37.04
34.19,22.9,37.14
35.144999999999996,22.9,36.89
34.8425,23.0,36.94
34.707499999999996,23.2,36.84
34.495,23.8,36.99
33.39,24.2,37.24
34.1875,24.5,36.89
34.2975,24.5,36.74
34.5275,24.9,37.04
34.7925,24.7,36.84
33.480000000000004,24.8,36.84
33.93,25.1,36.99
34.7175,25.1,36.24
34.97,25.1,36.84
34.00000000000001,22.9,36.44
34.03,23.0,36.69
33.695,23.2,36.59
34.416666666666664,23.7,36.99
34.97,23.6,37.29
34.519999999999996,24.1,37.09
34.4075,24.2,36.79
34.987500000000004,24.0,37.09
34.6425,24.6,37.29
34.7675,25.1,36.99
34.7625,25.1,37.14
34.184999999999995,25.2,36.94
36.4975,25.5,38.84
35.785,25.6,38.49
34.7175,25.6,37.14
33.79,22.0,36.74
34.985,22.4,37.44
34.09,22.9,36.54
34.3575,23.3,36.99
34.345,23.1,36.99
33.545,22.1,37.04
35.015,22.3,37.09
33.4775,22.5,36.54
32.449999999999996,22.6,37.89
33.714999999999996,22.4,36.64
34.1425,21.8,36.79
34.12,22.8,36.74
34.53999999999999,22.8,37.04
34.18,22.7,37.04
33.627500000000005,23.0,36.64
33.885,23.2,37.24
34.085,23.4,36.99
34.7275,23.5,36.74
34.4975,23.7,36.94
34.175,24.0,36.79
35.129999999999995,24.0,37.29
34.56,24.3,37.14
33.815,24.3,37.04
34.322500000000005,24.6,36.89
33.6975,24.6,36.89
34.589999999999996,24.8,36.74
34.707499999999996,23.9,37.34
34.375,24.5,36.94
36.08,25.0,38.29
34.63249999999999,25.4,36.69
35.010000000000005,25.4,37.39
34.63,24.9,36.89
35.5175,25.2,37.14
35.0775,25.2,36.99
34.9525,27.0,36.74
34.8325,25.6,37.44
34.222500000000004,25.7,36.84
34.65,26.0,38.44
35.09,26.3,37.04
32.167500000000004,26.7,36.94
35.709999999999994,26.5,37.49
35.375,26.8,37.24
35.5525,26.9,37.59
34.3625,27.2,36.34
35.1325,27.2,37.34
34.0,23.4,37.04
34.6375,23.6,37.09
34.537499999999994,23.5,37.04
34.2175,23.6,37.19
33.855000000000004,23.0,36.99
34.9425,23.1,37.74
34.324999999999996,23.9,36.74
34.6325,22.1,37.19
34.5475,22.3,36.84
34.3525,23.5,36.64
34.2025,22.4,36.84
33.1925,22.3,35.99
34.3375,22.8,37.04
33.8425,24.5,36.94
34.475,24.7,36.94
34.5375,25.0,37.39
34.70666666666667,26.4,37.59
34.905,26.9,36.64
34.417500000000004,25.2,36.74
34.449999999999996,26.2,36.69
35.0575,26.6,36.49
34.525,23.0,37.44
34.165,23.2,37.04
34.46,23.5,36.74
34.1625,23.1,36.59
33.6025,23.3,36.74
33.445,23.3,36.89
34.192499999999995,23.7,36.39
34.42,23.6,37.14
34.035,23.8,37.19
34.432500000000005,23.3,36.84
34.72,23.7,37.34
35.167500000000004,23.8,37.94
33.9325,21.4,36.19
34.025,21.5,37.09
34.5225,21.8,37.59
33.6625,22.0,37.09
34.019999999999996,22.2,37.24
34.1625,22.1,36.59
34.33,23.2,37.09
33.025000000000006,22.4,36.54
34.155,22.6,37.24
34.69,23.7,36.94
34.17,22.5,36.94
33.552499999999995,22.0,37.04
33.4525,21.2,36.89
34.080000000000005,21.4,36.34
33.652499999999996,21.4,37.04
33.9575,22.1,37.19
34.88,22.1,38.44
33.57,21.6,36.74
34.307500000000005,21.6,36.99
33.522499999999994,21.6,37.54
34.31999999999999,21.5,36.74
33.94,21.7,36.49
33.995,20.5,37.19
33.8925,22.9,36.59
34.4075,22.7,37.14
34.255,21.2,37.54
33.6975,21.6,37.14
34.4775,21.6,37.04
34.485,24.7,36.89
34.4175,24.7,37.44
33.8025,23.6,37.14
33.6,21.7,36.59
32.785,21.4,36.69
33.9775,21.2,36.84
34.5725,21.3,36.84
33.5125,20.8,36.99
34.1925,20.6,37.09
33.912499999999994,21.0,36.94
34.275,21.1,36.99
34.0325,20.8,37.49
33.5275,20.8,36.94
33.775,20.7,36.99
34.12,21.0,38.29
33.9525,21.1,36.79
34.236666666666665,20.6,37.14
33.4625,21.5,37.24
33.015,20.2,36.89
33.045,20.3,36.44
34.42,20.6,37.39
34.0725,21.0,36.99
34.120000000000005,21.0,37.09
33.747499999999995,21.0,37.19
33.905,21.3,36.79
34.985,25.7,36.69
34.832499999999996,25.7,36.89
35.199999999999996,25.7,37.09
35.2725,24.7,37.39
35.4375,24.8,37.29
35.025,24.7,37.19
34.165,24.6,36.44
34.5975,24.4,37.24
34.245,24.6,36.79
34.260000000000005,24.0,37.09
34.730000000000004,24.2,37.09
34.75333333333333,24.1,36.84
34.397499999999994,24.1,36.89
34.5475,24.2,37.19
34.4475,24.0,36.74
34.182500000000005,24.0,36.59
34.035000000000004,24.1,37.34
34.6875,24.1,36.74
33.95,24.1,36.64
34.79,24.3,36.59
34.33,25.0,36.34
34.489999999999995,25.1,36.64
34.7525,25.2,37.04
34.65,25.3,36.84
35.1025,25.6,37.04
34.557500000000005,25.7,36.89
34.614999999999995,24.1,36.99
34.589999999999996,24.4,37.09
34.7325,24.8,36.94
34.8925,25.5,36.89
34.6425,24.1,36.94
34.587500000000006,24.1,36.84
35.1125,26.5,36.69
33.5975,26.8,36.94
35.3,26.8,37.04
35.105000000000004,27.0,36.69
35.11,27.0,36.94
34.515,25.1,36.89
34.9525,25.1,36.59
34.849999999999994,27.8,37.04
35.572500000000005,27.4,37.04
34.9925,27.8,37.19
34.0275,27.8,37.39
35.03,27.3,36.94
35.3225,22.0,37.24
34.7525,26.3,36.99
34.6075,25.6,36.99
34.405,25.6,37.14
34.135,24.9,37.09
35.1775,24.1,37.74
34.295,23.9,36.59
34.4275,23.9,36.49
34.9925,24.3,37.54
34.474999999999994,24.0,36.59
34.1575,24.0,36.84
34.6875,24.2,36.44
35.055,24.3,37.44
33.964999999999996,24.3,36.94
34.375,24.3,36.94
34.7425,24.3,37.19
34.195,23.9,36.89
34.607499999999995,23.9,36.94
34.665,23.7,37.54
34.4425,23.7,36.89
34.9275,23.8,36.89
33.7725,24.4,36.84
34.685,24.0,36.94
34.755,24.0,36.84
34.2975,24.0,36.89
33.68,24.0,37.09
34.705000000000005,24.1,36.64
34.620000000000005,24.7,37.94
35.285,25.1,36.79
35.224999999999994,25.2,36.99
34.946666666666665,25.2,37.04
35.43,25.7,36.84
34.9975,25.6,36.84
34.9825,25.7,36.84
34.94,25.7,36.79
35.6125,25.7,37.49
35.3275,25.7,37.74
34.3675,23.0,37.14
33.85,23.4,35.84
34.2875,23.6,36.89
34.23,23.9,36.54
33.8825,24.0,36.04
34.5125,24.2,37.09
34.4975,24.7,36.79
34.28666666666667,24.3,36.94
33.81333333333333,24.2,36.94
34.29333333333333,24.3,36.89
35.09,24.1,37.49
35.265,23.8,38.94
34.8125,25.9,36.54
34.913333333333334,26.6,37.14
36.425000000000004,26.3,39.09
34.9925,27.3,36.54
35.09,25.3,36.89
33.387499999999996,25.4,37.04
34.3425,25.4,36.89
35.94,24.5,38.69
35.015,24.5,37.29
34.004999999999995,24.5,36.84
34.78,27.2,36.89
35.44,27.2,37.29
35.0475,27.2,36.94
34.9,27.2,36.84
35.434999999999995,27.2,37.29
33.41,28.0,37.04
35.565,28.0,37.34
34.87,28.0,37.34
35.5025,28.0,36.79
35.682500000000005,28.2,36.79
35.5575,28.2,36.89
34.894999999999996,25.4,36.89
34.015,25.9,36.94
35.294999999999995,26.0,36.89
33.6875,26.1,36.44
34.505,25.6,36.84
34.1225,25.6,36.74
34.525,25.6,36.79
34.6325,25.6,36.74
35.485,24.7,37.29
34.6525,24.7,37.09
34.432500000000005,24.7,36.89
34.0025,22.0,36.69
34.550000000000004,23.9,36.84
34.575,24.1,37.64
34.4825,24.1,37.09
34.65,24.2,36.84
35.2825,25.4,36.74
33.6,25.4,36.79
34.655,25.4,36.89
34.6875,25.0,36.84
34.89,25.0,36.99
34.535,25.0,36.89
34.485,25.0,36.84
33.885000000000005,23.4,37.09
35.747499999999995,23.6,38.34
34.2975,23.6,36.84
33.934999999999995,23.6,37.09
34.574999999999996,23.8,36.84
35.05500000000001,25.6,37.04
35.1125,25.6,37.49
33.667500000000004,23.6,36.39
35.515,23.6,37.64
34.69,23.6,36.79
34.1025,24.0,37.04
34.915,24.0,37.14
33.457499999999996,24.0,36.69
33.0925,24.2,36.79
35.125,23.2,37.54
34.335,23.2,37.04
34.495,23.2,37.09
34.517500000000005,23.2,36.84
34.3875,24.0,36.19
34.349999999999994,24.6,36.69
34.557500000000005,24.6,36.94
34.8625,24.8,37.19
34.7775,24.8,37.29
35.447500000000005,24.8,37.59
34.157500000000006,25.3,36.99
34.9,25.3,36.99
35.185,25.3,36.99
34.480000000000004,25.9,36.99
36.22,26.1,37.94
35.015,26.2,36.64
34.3425,26.2,36.94
33.945,24.6,36.89
34.605,24.9,36.89
35.26,25.1,37.19
34.59,25.6,36.84
34.3725,23.5,36.49
35.27,23.9,37.19
34.695,24.4,36.99
34.3275,24.0,36.69
34.2775,24.2,36.19
34.815,24.3,36.84
35.21,24.8,36.89
34.19,24.4,36.84
35.015,24.7,37.19
34.9825,25.0,37.09
34.975,24.5,36.69
33.754999999999995,23.4,36.54
34.589999999999996,23.8,36.84
34.335,23.9,36.89
34.302499999999995,24.0,36.39
34.279999999999994,23.9,36.69
34.5175,23.6,36.99
34.57,23.8,37.14
34.36,23.8,36.79
34.4225,24.3,36.79
34.225,24.3,37.19
34.64,24.3,36.69
34.582499999999996,23.7,36.69
34.065,23.8,37.04
33.685,23.5,36.94
34.5075,23.5,36.79
34.14000000000001,23.5,36.79
34.2225,23.5,37.04
34.3275,23.3,36.44
34.56,23.4,37.19
34.92,23.5,36.94
34.345,23.5,36.44
34.36,23.5,36.59
33.895,23.7,37.04
33.7725,23.7,36.94
33.795,23.4,36.74
34.012499999999996,23.3,37.04
34.544999999999995,23.3,37.24
34.4375,23.5,36.79
33.965,23.1,36.44
35.3625,23.6,37.14
33.8225,23.5,36.54
34.673333333333325,23.8,36.59
34.665,24.0,37.54
34.5675,23.5,36.74
33.925,23.6,36.79
31.8075,23.6,36.54
34.5025,23.9,36.84
34.0225,23.9,36.69
34.51333333333333,23.8,36.79
34.0875,23.9,36.44
34.6775,24.2,36.74
34.28,23.9,36.69
35.442499999999995,23.9,36.94
34.3625,23.8,36.69
35.330000000000005,22.0,37.34
34.25,22.0,37.24
32.6225,22.0,37.44
34.4225,22.0,36.19
34.74666666666666,22.0,36.59
34.6575,22.0,36.64
32.8075,22.0,36.09
34.862500000000004,22.0,37.29
35.375,23.7,37.34
34.78,24.1,36.84
34.9025,24.4,36.89
34.815,24.5,37.14
34.822500000000005,24.5,36.89
32.9675,24.3,36.74
35.2725,24.5,36.94
34.095,24.2,36.94
34.8275,23.9,36.94
33.18000000000001,24.1,36.59
34.6275,24.1,37.54
34.615,24.0,36.64
33.9625,24.0,36.69
34.9025,24.0,36.89
34.86,24.0,37.04
36.3675,24.2,39.84
34.2975,24.2,36.69
34.0375,23.4,36.94
35.8775,23.7,39.59
34.63,23.6,36.89
34.6725,23.5,38.29
34.0175,23.8,36.74
33.7975,23.8,36.74
34.315,23.8,37.49
32.942499999999995,23.8,36.64
35.0425,23.8,36.94
32.9925,22.0,36.59
34.6075,24.4,36.49
34.945,24.4,36.89
34.82,24.4,36.79
34.015,24.4,36.84
33.035,24.7,36.49
34.916666666666664,24.7,36.84
34.957499999999996,24.7,36.89
35.5025,24.5,37.04
35.214999999999996,24.5,36.74
34.7025,23.8,36.94
34.865,24.2,36.89
33.942499999999995,24.2,37.69
34.9325,24.3,36.94
34.870000000000005,24.1,36.99
33.317499999999995,24.1,36.34
33.575,24.1,37.09
34.7375,24.1,36.74
33.7675,24.1,35.54
34.8125,24.1,37.34
34.80499999999999,24.1,37.24
34.7175,23.5,36.84
34.3675,23.5,36.89
34.347500000000004,23.7,37.09
34.985,23.8,37.34
34.51,24.0,36.79
34.4375,23.7,36.99
33.917500000000004,24.0,36.89
33.455000000000005,23.5,36.79
34.38,23.7,37.39
33.59666666666667,24.2,38.29
33.737500000000004,24.3,36.74
35.5725,24.2,38.84
35.1225,24.0,37.29
34.9775,24.0,36.59
35.175,24.0,38.64
34.6575,24.0,36.74
33.925,24.0,36.59
34.6875,24.0,36.89
33.85666666666666,24.0,36.79
32.900000000000006,24.0,36.49
35.65,24.0,37.94
34.31,24.0,36.79
35.5025,24.0,38.09
34.3925,24.0,36.79
34.8,24.0,36.94
34.4925,24.0,36.94
35.35,24.0,37.54
34.7525,24.3,36.94
34.647499999999994,24.4,36.89
34.9825,24.4,37.14
34.6775,22.0,37.79
35.4225,22.0,38.14
36.25,22.0,38.39
34.7925,22.0,36.74
35.4225,24.1,37.69
36.53,24.1,39.34
34.1775,24.1,36.99
33.557500000000005,24.1,36.84
34.905,24.1,37.39
34.6925,24.3,37.14
33.6875,24.2,36.89
33.975,24.0,36.69
33.8625,24.0,36.89
33.7025,24.0,36.84
35.6725,24.1,37.89
34.38,23.9,37.89
34.5225,23.8,37.24
34.84,24.2,37.79
34.230000000000004,24.2,36.49
33.235,24.3,36.09
34.0975,24.0,36.99
34.4825,24.0,37.19
33.669999999999995,24.0,36.79
34.0975,24.2,37.39
35.835,22.0,38.74
34.475,24.1,37.09
34.46,24.3,36.54
34.4,24.1,36.89
34.349999999999994,24.2,36.74
34.6375,24.2,37.09
33.7625,24.3,37.64
34.809999999999995,23.9,37.34
34.48,24.5,36.74
34.3575,23.3,37.24
34.735,23.3,37.14
34.352500000000006,23.3,36.74
35.1,23.8,36.94
34.695,24.0,36.89
34.82,24.0,37.04
34.839999999999996,24.0,36.94
35.475,24.0,37.74
35.015,24.3,36.99
36.086666666666666,24.3,38.14
34.28,24.1,36.94
35.8425,24.1,38.49
34.245,24.1,36.69
35.7775,24.1,38.69
34.945,24.1,38.54
34.43,24.0,37.19
33.875,24.0,37.39
33.6725,24.0,37.04
35.3275,24.0,37.24
34.7275,24.0,36.89
35.5475,24.0,37.79
36.2275,24.0,39.14
34.56333333333333,25.0,36.49
34.805,25.0,37.14
34.935,25.2,36.84
35.285,25.1,37.59
34.265,25.3,36.24
34.2275,25.2,36.79
33.87,24.9,37.04
34.1475,24.9,37.24
35.96,25.0,37.99
35.02,24.3,36.94
35.09,24.2,37.34
33.63666666666666,23.8,36.34
35.205000000000005,23.9,37.74
34.6225,24.0,36.64
34.4725,24.0,37.09
34.895,24.0,37.14
34.685,24.0,36.69
34.3125,24.2,37.04
33.942499999999995,24.7,36.69
34.747499999999995,24.7,36.74
34.4125,25.5,36.59
34.8125,25.9,37.09
35.0025,26.2,36.99
36.32,26.2,38.24
35.1825,26.2,36.99
34.89,26.2,37.04
34.912499999999994,26.2,36.89
35.2675,26.2,37.19
35.2825,26.2,36.84
34.73,26.3,37.94
34.802499999999995,26.3,37.09
34.8775,26.3,37.74
35.012499999999996,26.8,36.89
33.83,28.0,36.84
35.3125,28.0,36.94
34.6875,28.0,36.74
35.495,28.5,37.09
37.2125,28.6,39.54
36.4225,26.4,38.84
35.1075,26.3,37.19
35.4,25.9,37.04
34.825,22.0,38.19
35.6375,24.4,38.04
34.99250000000001,24.4,36.99
34.730000000000004,24.4,36.59
34.4825,24.5,36.64
35.129999999999995,24.5,37.04
35.085,24.5,37.94
34.6475,24.5,37.54
34.675,24.3,36.64
34.665,24.2,36.64
32.8925,24.4,36.79
35.7425,24.5,38.49
34.957499999999996,24.6,36.89
35.057500000000005,24.6,37.19
34.349999999999994,24.5,36.59
35.0875,24.6,36.94
34.7725,24.6,36.79
33.6025,24.6,37.04
35.142500000000005,24.4,36.89
33.48,24.5,36.89
35.355000000000004,24.5,37.59
33.53,24.2,36.54
34.2975,24.9,36.69
34.542500000000004,25.4,36.69
34.345,25.4,36.89
33.512499999999996,25.4,37.69
34.27250000000001,23.8,37.09
34.015,23.8,36.79
34.79,23.8,37.64
34.6875,23.8,36.79
34.595,24.2,36.89
34.6075,25.0,36.79
34.69,25.3,37.34
35.69,25.3,38.19
35.89,25.3,37.94
34.315,25.3,36.79
36.065,25.3,39.09
34.122499999999995,23.9,37.09
34.63,24.2,37.14
35.03,24.2,37.74
35.144999999999996,24.2,36.99
36.2125,24.2,38.44
35.655,24.2,39.24
34.667500000000004,23.7,36.49
34.6,23.8,36.74
34.915,24.1,36.44
34.755,24.1,36.94
33.807500000000005,24.2,36.29
34.75,24.1,36.94
34.6375,24.1,36.79
34.4525,24.1,36.79
33.06666666666666,24.1,36.74
33.6425,24.1,36.79
33.8625,24.1,36.99
34.0125,24.3,36.89
34.6325,24.0,36.79
33.8225,24.2,36.59
34.4875,24.2,36.99
34.68,24.0,37.14
34.5025,23.8,36.89
34.962500000000006,24.3,37.09
34.3125,24.1,36.94
34.0025,24.3,36.89
34.71,24.6,37.09
35.495,24.5,38.14
32.92333333333333,24.0,36.49
34.175,24.0,36.94
34.59,24.0,36.44
35.199999999999996,24.0,36.94
34.5175,24.0,37.04
33.227500000000006,24.0,36.79
36.879999999999995,24.0,38.94
34.555,24.0,37.04
34.800000000000004,24.0,36.89
34.5775,23.5,36.64
34.552499999999995,23.5,36.84
34.325,23.6,36.74
34.542500000000004,23.8,37.09
34.95,23.8,37.09
34.375,23.3,37.14
33.9325,23.5,36.39
34.682500000000005,23.4,36.99
34.125,23.5,36.94
35.150000000000006,23.6,36.99
35.0275,23.6,37.89
33.675000000000004,23.8,36.34
34.385,24.0,37.09
34.975,24.2,37.24
33.9575,24.2,36.69
34.22,24.3,36.44
34.235,24.3,37.09
34.55,24.3,36.99
34.685,24.3,37.09
34.1075,24.3,36.89
33.447500000000005,24.3,36.89
35.012499999999996,24.3,37.94
34.3875,23.9,36.94
34.2025,23.9,36.69
34.3225,23.7,36.89
34.707499999999996,23.9,36.79
33.1125,23.9,37.49
34.7775,23.5,36.99
34.47666666666667,23.4,36.84
34.8875,23.4,37.09
34.474999999999994,23.4,36.79
34.72,23.4,36.89
34.53,23.4,36.99
34.8,23.7,36.89
33.9675,23.7,36.79
34.61,23.9,36.84
32.99,23.9,37.24
34.535,24.0,36.49
34.712500000000006,24.0,37.29
33.572500000000005,23.9,36.79
34.7675,23.9,36.59
34.5725,23.9,36.74
34.365,24.3,37.04
34.337500000000006,23.4,36.59
32.84,23.5,36.99
34.3525,23.7,36.29
34.605000000000004,23.7,36.69
33.5175,23.8,37.24
34.055,23.8,36.99
33.8275,23.8,36.49
33.5325,24.0,36.24
34.2475,24.1,36.64
34.7875,24.2,37.09
33.8625,24.2,36.79
34.4375,24.2,37.19
35.6375,24.2,37.89
35.17,23.9,37.94
34.665,24.1,36.99
34.585,24.0,36.99
34.665,24.1,37.14
34.225,24.1,37.24
34.22666666666667,24.1,36.64
34.505,24.1,36.84
33.585,24.1,36.64
34.72,28.2,36.54
34.035,23.4,36.99
34.13,23.4,36.89
34.43,23.4,36.99
34.45,24.0,36.99
33.7,23.8,36.59
33.012499999999996,24.1,36.59
34.625,24.7,36.74
33.835,24.9,37.09
34.935,24.9,36.89
35.635,24.9,37.24
34.862500000000004,25.7,37.09
35.295,26.2,37.64
35.25,26.8,36.99
33.625,26.8,38.39
34.08,27.6,36.89
34.985,28.2,36.34
35.82,28.6,37.94
35.5175,28.7,36.99
35.385,29.1,37.29
34.556666666666665,25.1,36.99
34.045,25.2,36.39
35.055,25.4,36.69
35.1075,25.3,37.04
34.5175,25.5,37.29
34.495000000000005,25.5,36.89
34.38249999999999,25.3,36.89
34.415000000000006,25.3,36.69
33.495000000000005,25.3,36.79
34.785,25.3,37.09
34.552499999999995,24.0,36.89
34.5625,24.2,37.09
34.3525,24.1,37.19
35.0,24.1,36.94
34.1475,24.2,37.14
34.620000000000005,24.1,37.69
34.655,24.3,36.79
34.825,24.5,37.14
34.54,24.0,36.94
34.905,24.0,36.89
34.3775,23.4,36.89
34.3575,23.4,36.59
34.370000000000005,24.8,36.79
35.2425,24.8,36.69
34.7625,24.8,36.89
34.625,24.8,37.09
34.754999999999995,24.8,36.99
34.6225,25.3,36.99
34.8825,24.0,36.89
34.8275,24.4,37.14
34.652499999999996,24.1,36.94
34.427499999999995,24.1,36.74
34.92,22.0,36.54
33.96333333333333,22.8,36.84
34.685,23.5,36.74
34.195,24.0,37.39
33.625,24.3,36.64
36.1675,24.3,38.74
33.455,24.7,37.09
34.1575,25.5,37.24
35.1325,25.9,36.54
32.985,26.6,37.04
35.337500000000006,27.9,36.79
35.1325,26.6,36.79
35.67,27.9,37.19
34.8525,27.9,36.59
35.1875,27.9,36.84
34.7125,25.2,36.74
34.6425,25.7,36.94
34.7625,25.8,37.14
35.5075,25.4,37.79
34.465,25.4,37.19
34.544999999999995,25.4,37.04
34.995,25.7,36.99
35.1375,25.7,36.99
35.207499999999996,25.7,37.19
35.3675,28.0,37.59
34.715,25.0,37.29
34.214999999999996,23.8,37.19
33.12,24.0,36.59
33.792500000000004,24.0,37.19
34.695,24.0,37.34
34.035,24.0,37.09
34.385000000000005,24.0,37.04
33.9675,24.0,36.99
33.5075,24.0,36.59
33.23,25.0,36.49
33.3625,25.0,36.99
34.9675,25.0,36.59
35.08,26.0,36.89
33.5725,22.8,36.54
34.86,23.0,37.74
34.325,23.0,36.84
32.945,23.0,36.74
33.87,23.0,36.54
34.235,23.0,37.19
34.9525,23.5,37.79
33.9825,23.7,36.49
33.2325,24.0,37.09
34.156666666666666,22.5,37.19
33.557500000000005,23.2,36.89
33.927499999999995,22.6,36.54
34.0875,22.9,37.04
35.052499999999995,23.0,37.04
33.79,23.1,36.14
33.7175,23.1,36.99
34.57333333333333,22.9,37.09
32.4475,22.9,36.59
34.474999999999994,23.2,36.89
33.78,22.5,36.64
34.2075,23.4,37.14
33.7075,23.2,36.59
34.81,23.1,37.39
33.865,22.8,36.49
33.462500000000006,22.8,37.19
33.83,23.0,37.39
33.1425,23.2,36.74
33.6425,23.2,37.04
34.2725,23.2,36.59
34.473333333333336,23.2,37.29
34.38,23.4,37.29
33.855,22.9,36.69
34.32333333333333,23.1,37.04
34.295,23.2,36.79
34.5025,23.4,37.04
33.190000000000005,23.0,35.99
33.876666666666665,23.4,37.09
33.9975,23.4,36.74
34.34,23.4,36.84
33.9625,23.5,37.09
34.502500000000005,23.1,37.34
34.13,23.2,36.94
34.11,23.0,36.99
33.685,23.0,36.64
34.5625,23.7,37.09
34.435,23.7,36.54
33.89333333333334,23.2,36.64
34.32,23.4,36.84
34.169999999999995,23.4,36.89
34.3025,23.2,37.04
33.9425,23.2,37.09
34.7825,23.4,37.79
34.165,23.5,37.04
34.315,23.0,36.84
33.8875,23.1,36.84
34.48333333333333,23.5,37.14
34.3225,23.5,37.04
34.095,23.6,37.19
35.459999999999994,23.2,37.99
34.0025,23.0,37.04
33.505,23.4,36.39
34.927499999999995,23.3,37.19
33.07,22.8,36.54
33.83,23.4,36.89
35.64666666666667,23.5,38.69
34.1575,23.6,36.79
32.114999999999995,23.7,36.79
34.029999999999994,24.2,37.19
34.76,23.5,37.09
34.067499999999995,22.8,36.79
35.843333333333334,23.4,38.54
34.349999999999994,23.6,36.29
34.25,24.0,36.64
36.11666666666667,24.8,38.59
33.8575,25.0,36.09
33.59666666666667,23.3,37.04
33.864999999999995,24.4,37.09
35.07,24.6,37.14
34.879999999999995,24.6,36.94
34.69,25.3,37.29
34.13,25.3,36.94
34.7625,25.7,36.84
34.085,25.1,37.39
33.6875,25.5,36.94
34.303333333333335,25.5,36.29
35.79,25.7,37.79
35.32,25.7,37.44
34.035,26.0,36.94
34.75666666666667,26.0,36.79
33.707499999999996,25.8,37.24
35.98500000000001,25.6,38.09
31.9125,22.7,36.49
33.10666666666666,23.5,36.79
34.66,23.8,37.34
34.144999999999996,23.8,36.99
34.8825,23.6,37.99
33.207499999999996,22.9,36.14
33.68,23.3,36.69
33.22,23.3,36.34
34.18666666666667,23.2,36.99
34.695,23.2,37.29
34.5475,23.6,36.89
34.695,23.5,37.34
32.54333333333334,22.7,35.64
33.413333333333334,22.6,37.24
33.39,22.8,36.59
33.63666666666666,22.7,36.19
33.81,23.4,37.04
34.105000000000004,23.4,36.69
33.96333333333333,23.7,36.89
33.715,23.7,36.94
32.71666666666667,22.8,36.54
34.169999999999995,22.7,36.84
37.13666666666666,23.2,40.34
33.339999999999996,23.2,37.09
32.65,22.8,36.99
34.5675,23.2,36.79
34.735,23.4,36.64
34.305,23.4,36.89
34.98666666666667,23.3,37.44
34.0175,23.6,37.99
34.705,23.8,37.39
33.735,23.4,36.69
36.155,23.7,38.39
34.2625,23.0,37.09
33.77,22.7,37.04
33.38,23.2,36.64
35.425,23.8,38.04
34.1375,24.1,36.84
33.483333333333334,25.1,36.74
34.99666666666666,25.0,37.99
34.49,25.2,37.09
33.550000000000004,23.1,36.64
34.8,23.7,37.04
34.89333333333334,23.9,37.04
33.666666666666664,22.7,36.89
34.13666666666666,23.2,37.14
33.92,23.3,37.94
34.400000000000006,23.6,36.99
33.696666666666665,24.4,37.24
33.32,22.7,36.59
35.464999999999996,23.4,37.99
33.32,23.8,37.14
35.09,24.4,37.09
34.7475,25.8,36.79
34.864999999999995,26.2,36.44
35.05,26.5,38.44
36.395,26.4,39.64
33.902499999999996,23.7,36.79
34.18,24.0,36.74
32.167500000000004,26.1,36.84
35.2625,26.4,36.99
33.565,26.5,36.84
33.44,22.8,36.39
33.8625,23.1,36.69
34.35666666666667,23.6,36.94
34.272499999999994,23.1,36.89
34.084999999999994,23.4,36.99
30.225,22.8,36.44
34.1325,25.3,37.14
34.6,25.4,37.24
34.675,25.6,36.69
34.163333333333334,25.2,36.99
33.23,23.1,35.94
34.43333333333333,23.2,37.14
33.5725,23.6,36.84
33.5175,23.7,37.04
34.3275,23.9,37.09
34.552499999999995,23.3,36.99
32.23,22.6,36.24
33.955,22.7,37.14
34.05499999999999,23.0,36.79
34.160000000000004,23.0,36.34
34.9525,23.2,36.89
33.807500000000005,23.2,36.64
34.913333333333334,23.5,37.19
33.12333333333333,22.7,36.79
33.7375,23.0,36.99
33.52333333333333,23.2,36.54
34.77,24.7,37.04
34.125,23.1,37.14
33.7725,23.5,36.99
34.55500000000001,23.7,37.19
35.1725,24.4,36.99
33.413333333333334,23.8,36.94
33.375,24.1,36.44
33.565,25.3,36.84
34.7375,25.9,37.24
33.772499999999994,25.5,37.04
34.665,25.6,37.09
35.03666666666667,26.0,37.34
34.5775,26.0,36.69
34.1175,22.0,36.79
33.370000000000005,22.2,36.89
34.402499999999996,22.4,37.29
34.275,22.4,37.14
34.01666666666667,22.7,36.59
32.405,22.1,36.19
34.645,22.1,37.24
33.54,22.4,36.54
33.765,22.3,36.79
34.817499999999995,23.2,36.94
34.0375,23.4,36.19
34.49333333333333,23.5,37.14
33.79,23.0,37.64
33.38250000000001,22.5,36.84
34.365,22.6,36.89
31.463333333333335,22.7,37.34
34.0525,22.7,37.09
33.6675,22.6,36.59
33.4975,23.0,36.94
33.515,22.9,37.09
34.42,22.6,36.79
34.5,22.5,36.44
34.21,22.1,36.39
33.82,22.4,37.34
34.190000000000005,22.7,36.54
32.802499999999995,22.7,36.79
33.2425,22.6,36.59
34.3725,22.9,37.49
34.236666666666665,22.2,36.79
31.340000000000003,23.0,36.59
33.760000000000005,22.2,36.74
33.693333333333335,22.2,36.69
34.125,22.7,37.24
33.8025,22.7,37.04
33.85,22.9,37.14
34.68,23.0,36.94
34.525,23.2,36.84
34.38,23.8,36.99
32.977500000000006,24.2,37.24
34.056666666666665,24.5,36.89
33.875,24.5,36.74
34.3475,24.9,37.04
34.4975,24.7,36.84
32.435,24.8,36.84
33.65,25.1,36.99
34.51333333333333,25.1,36.24
34.85666666666666,25.1,36.84
33.906666666666666,22.9,36.44
33.699999999999996,23.0,36.69
34.13,23.7,36.99
34.56666666666666,23.6,37.29
34.29333333333333,24.1,37.09
34.153333333333336,24.2,36.79
34.85666666666666,24.0,37.09
34.434999999999995,24.6,37.29
34.50666666666667,25.1,36.99
34.5675,25.1,37.14
33.8525,25.2,36.94
36.60666666666666,25.5,38.84
35.815,25.6,38.49
34.275000000000006,25.6,37.14
33.527499999999996,22.0,36.74
34.935,22.4,37.44
33.6775,22.9,36.54
34.3125,23.3,36.99
34.21,23.1,36.99
33.39,22.1,37.04
34.8575,22.3,37.09
33.22,22.5,36.54
31.929999999999996,22.6,37.89
33.25,22.4,36.64
33.66,21.8,36.79
33.8725,22.8,36.74
34.24,22.8,37.04
33.8,22.7,37.04
33.470000000000006,23.0,36.64
33.93333333333333,23.2,37.24
33.815,23.4,36.99
34.485,23.5,36.74
34.255,23.7,36.94
33.825,24.0,36.79
35.04,24.0,37.29
34.2475,24.3,37.14
33.27333333333333,24.3,37.04
34.0625,24.6,36.89
33.175,24.6,36.89
34.3825,24.8,36.74
34.495,23.9,37.34
34.233333333333334,24.5,36.94
36.03,25.0,38.29
34.105000000000004,25.4,36.69
34.72,25.4,37.39
34.3975,24.9,36.89
35.28,25.2,37.14
34.93333333333334,25.2,36.99
34.733333333333334,27.0,36.74
34.555,25.6,37.44
34.0025,25.7,36.84
34.13999999999999,26.0,38.44
34.7875,26.3,37.04
31.4125,26.7,36.94
35.585,26.5,37.49
35.2975,26.8,37.24
35.4875,26.9,37.59
33.940000000000005,27.2,36.34
35.02666666666667,27.2,37.34
33.6525,23.4,37.04
34.364999999999995,23.6,37.09
34.275,23.5,37.04
33.8775,23.6,37.19
33.693333333333335,23.0,36.99
34.8575,23.1,37.74
33.975,23.9,36.74
34.5075,22.1,37.19
34.31999999999999,22.3,36.84
34.142500000000005,23.5,36.64
33.910000000000004,22.4,36.84
33.2475,22.3,35.99
34.28666666666667,22.8,37.04
33.5625,24.5,36.94
34.125,24.7,36.94
34.25,25.0,37.39
34.5,26.4,37.59
34.7325,26.9,36.64
34.21333333333333,25.2,36.74
34.06,26.2,36.69
34.67333333333334,26.6,36.49
34.302499999999995,23.0,37.44
34.005,23.2,37.04
34.28,23.5,36.74
33.9775,23.1,36.59
33.365,23.3,36.74
33.31,23.3,36.89
33.905,23.7,36.39
34.285,23.6,37.14
33.89000000000001,23.8,37.19
34.18333333333334,23.3,36.84
34.5925,23.7,37.34
34.995,23.8,37.94
33.6425,21.4,36.19
33.82333333333333,21.5,37.09
34.365,21.8,37.59
33.28,22.0,37.09
33.696666666666665,22.2,37.24
33.875,22.1,36.59
33.96333333333333,23.2,37.09
32.51,22.4,36.54
33.9175,22.6,37.24
34.495,23.7,36.94
33.91,22.5,36.94
33.169999999999995,22.0,37.04
33.7925,21.2,36.89
33.43,21.4,37.04
33.72,22.1,37.19
34.8075,22.1,38.44
33.23666666666667,21.6,36.74
34.0225,21.6,36.99
33.44,21.6,37.54
34.1875,21.5,36.74
33.730000000000004,21.7,36.49
33.9275,20.5,37.19
33.515,22.9,36.59
34.18,22.7,37.14
33.93,21.2,37.54
33.245000000000005,21.6,37.14
34.29,21.6,37.04
34.11333333333334,24.7,36.89
34.275,24.7,37.44
33.28,23.6,37.14
33.1,21.7,36.59
32.835,21.4,36.69
33.84,21.2,36.84
34.5,21.3,36.84
33.61,20.8,36.99
33.9875,20.6,37.09
33.723333333333336,21.0,36.94
34.145,21.1,36.99
33.85,20.8,37.49
33.3525,20.8,36.94
33.68333333333333,20.7,36.99
33.7075,21.0,38.29
33.78,21.1,36.79
34.18,20.6,37.14
33.2375,21.5,37.24
32.894999999999996,20.2,36.89
32.7125,20.3,36.44
34.3775,20.6,37.39
33.8975,21.0,36.99
33.666666666666664,21.0,37.09
33.51,21.0,37.19
33.457499999999996,21.3,36.79
34.8125,25.7,36.69
34.644999999999996,25.7,36.89
35.2125,25.7,37.09
35.1675,24.7,37.39
35.305,24.8,37.29
34.875,24.7,37.19
33.79,24.6,36.44
34.29333333333333,24.4,37.24
33.93,24.6,36.79
34.16,24.0,37.09
34.5625,24.2,37.09
34.644999999999996,24.1,36.84
34.135000000000005,24.1,36.89
34.2975,24.2,37.19
34.29,24.0,36.74
33.9175,24.0,36.59
33.68,24.1,37.34
34.47,24.1,36.74
33.614999999999995,24.1,36.64
34.583333333333336,24.3,36.59
34.125,25.0,36.34
34.269999999999996,25.1,36.64
34.605,25.2,37.04
34.576666666666675,25.3,36.84
35.01,25.6,37.04
34.41,25.7,36.89
34.425,24.1,36.99
34.2025,24.4,37.09
34.625,24.8,36.94
34.6625,25.5,36.89
34.614999999999995,24.1,36.94
34.1275,24.1,36.84
34.906666666666666,24.1,36.89
34.915,26.5,36.69
33.04,26.8,36.94
35.0675,26.8,37.04
34.9375,27.0,36.69
34.8625,27.0,36.94
34.222500000000004,25.1,36.89
34.666666666666664,25.1,36.59
34.53,27.8,37.04
35.41,27.4,37.04
34.725,27.8,37.19
33.76333333333333,27.8,37.39
34.88666666666666,27.3,36.94
35.075,22.0,37.24
34.5925,26.3,36.99
34.3175,25.6,36.99
34.150000000000006,25.6,37.14
33.7575,24.9,37.09
35.045,24.1,37.74
34.050000000000004,23.9,36.59
33.95333333333333,23.9,36.49
34.825,24.3,37.54
34.205,24.0,36.59
33.83,24.0,36.84
34.419999999999995,24.2,36.44
35.01333333333334,24.3,37.44
34.37,24.3,36.94
34.19,24.3,36.94
33.81,23.9,36.89
34.4325,23.9,36.94
34.185,23.7,36.89
34.765,23.8,36.89
33.035,24.4,36.84
34.013333333333335,24.0,36.89
33.14666666666667,24.0,37.09
34.49249999999999,24.1,36.64
34.53666666666667,24.7,37.94
35.0975,25.1,36.79
35.2075,25.2,36.99
34.586666666666666,25.2,37.04
35.394999999999996,25.7,36.84
34.865,25.6,36.84
34.65,25.7,36.84
34.677499999999995,25.7,36.79
35.47,25.7,37.49
35.275000000000006,25.7,37.74
34.265,23.0,37.14
33.64666666666667,23.4,35.84
33.987500000000004,23.6,36.89
33.913333333333334,23.9,36.54
33.6075,24.0,36.04
34.295,24.2,37.09
34.22,24.7,36.79
33.87666666666667,24.3,36.94
33.32666666666667,24.2,36.94
34.042500000000004,24.3,36.89
35.004999999999995,24.1,37.49
35.4075,23.8,38.94
34.50666666666666,25.9,36.54
34.46333333333333,26.6,37.14
36.2625,26.3,39.09
34.597500000000004,27.3,36.54
34.89,25.3,36.89
32.72,25.4,37.04
36.04,24.5,38.69
34.8275,24.5,37.29
33.7125,24.5,36.84
34.705,27.2,36.89
35.3875,27.2,37.29
34.78999999999999,27.2,36.94
35.300000000000004,27.2,37.29
32.83,28.0,37.04
35.516666666666666,28.2,36.89
34.817499999999995,25.4,36.89
33.6075,25.9,36.94
35.0475,26.0,36.89
33.162499999999994,26.1,36.44
34.24333333333333,25.6,36.84
33.795,25.6,36.74
34.3375,25.6,36.79
34.432500000000005,25.6,36.74
35.3725,24.7,37.29
34.485,24.7,37.09
34.085,24.7,36.89
33.935,22.0,36.69
34.303333333333335,23.9,36.84
34.43333333333333,24.1,37.64
34.17,24.1,37.09
34.355000000000004,24.2,36.84
35.1175,25.4,36.74
33.1575,25.4,36.79
34.3725,25.4,36.89
34.336666666666666,25.0,36.89
34.185,25.0,36.84
33.75333333333333,23.4,37.09
35.712500000000006,23.6,38.34
34.17,23.6,36.84
33.576666666666675,23.6,37.09
34.7125,23.8,36.84
34.9,25.6,37.04
34.8025,25.6,37.49
33.19,23.6,36.39
35.3775,23.6,37.64
34.47,23.6,36.79
33.8425,24.0,37.04
34.8825,24.0,37.14
32.92,24.0,36.69
32.769999999999996,24.2,36.79
35.065,23.2,37.54
34.27,23.2,37.04
34.13333333333333,23.2,37.09
34.19,23.2,36.84
34.083333333333336,24.0,36.19
33.89000000000001,24.6,36.69
34.27,24.6,36.94
34.696666666666665,24.8,37.19
34.3525,24.8,37.29
35.32,24.8,37.59
34.155,25.3,36.99
34.8125,25.3,36.99
35.019999999999996,25.3,36.99
34.065,25.9,36.99
36.04,26.1,37.94
34.7825,26.2,36.64
34.105000000000004,26.2,36.94
33.326666666666675,24.6,36.89
34.3675,24.9,36.89
35.0275,25.1,37.19
34.31,25.6,36.84
33.955,23.5,36.49
35.1175,23.9,37.19
34.53,24.4,36.99
34.025,24.0,36.69
33.88999999999999,24.2,36.19
34.6325,24.3,36.84
35.086666666666666,24.8,36.89
33.6275,24.4,36.84
34.894999999999996,24.7,37.19
34.837500000000006,25.0,37.09
34.785,24.5,36.69
33.6775,23.4,36.54
34.2875,23.8,36.84
33.8325,23.9,36.89
33.8275,24.0,36.39
33.905,23.9,36.69
34.185,23.6,36.99
34.644999999999996,23.8,37.14
34.18,23.8,36.79
34.0575,24.3,36.79
33.6875,24.3,37.19
34.3525,24.3,36.69
34.445,23.7,36.69
33.7325,23.8,37.04
33.085,23.5,36.94
34.335,23.5,36.79
33.70333333333333,23.5,36.79
33.79666666666667,23.5,37.04
34.2125,23.3,36.44
34.48,23.4,37.19
34.8975,23.5,36.94
34.2275,23.5,36.44
34.21666666666667,23.5,36.59
33.56,23.7,37.04
33.364999999999995,23.7,36.94
33.15,23.4,36.74
33.644999999999996,23.3,37.04
34.325,23.3,37.24
33.942499999999995,23.5,36.79
33.7175,23.1,36.44
35.245,23.6,37.14
33.5275,23.5,36.54
34.6,23.8,36.59
34.49333333333333,24.0,37.54
34.1775,23.5,36.74
33.895,23.6,36.79
31.302500000000002,23.6,36.54
34.3775,23.9,36.84
33.6275,23.9,36.69
34.22,23.8,36.79
33.745000000000005,23.9,36.44
34.495000000000005,24.2,36.74
34.1975,23.9,36.69
35.35666666666666,23.9,36.94
34.1675,23.8,36.69
35.144999999999996,22.0,37.34
33.9775,22.0,37.24
31.955000000000002,22.0,37.44
34.2175,22.0,36.19
34.435,22.0,36.59
34.4075,22.0,36.64
32.375,22.0,36.09
34.7,22.0,37.29
35.1825,23.7,37.34
34.5125,24.1,36.84
34.61666666666667,24.4,36.89
34.6875,24.5,37.14
34.68000000000001,24.5,36.89
32.11333333333334,24.3,36.74
35.07666666666667,24.5,36.94
33.8325,24.2,36.94
34.66,23.9,36.94
32.35,24.1,36.59
34.519999999999996,24.1,37.54
34.5925,24.0,36.64
33.684999999999995,24.0,36.69
34.5625,24.0,36.89
34.9725,24.0,37.04
36.66,24.2,39.84
34.0075,24.2,36.69
33.6725,23.4,36.94
36.00666666666667,23.7,39.59
34.35666666666666,23.6,36.89
34.802499999999995,23.5,38.29
33.5625,23.8,36.74
33.3425,23.8,36.74
34.1275,23.8,37.49
32.4125,23.8,36.64
34.9025,23.8,36.94
32.3625,22.0,36.59
34.49,24.4,36.49
34.77333333333333,24.4,36.89
34.5125,24.4,36.79
33.557500000000005,24.4,36.84
32.550000000000004,24.7,36.49
34.693333333333335,24.7,36.84
34.795,24.7,36.89
35.575,24.5,37.04
35.004999999999995,24.5,36.74
34.586666666666666,23.8,36.94
34.620000000000005,24.2,36.89
33.707499999999996,24.2,37.69
34.7575,24.3,36.94
34.6625,24.1,36.99
32.96666666666667,24.1,36.34
32.96,24.1,37.09
34.4775,24.1,36.74
33.37666666666667,24.1,35.54
34.5625,24.1,37.34
34.59666666666667,24.1,37.24
34.65,23.5,36.84
34.045,23.5,36.89
34.21,23.7,37.09
34.925000000000004,23.8,37.34
34.24333333333333,24.0,36.79
34.07333333333333,23.7,36.99
33.565,24.0,36.89
33.0975,23.5,36.79
34.045,23.7,37.39
33.0,24.2,38.29
33.195,24.3,36.74
35.56,24.2,38.84
34.95666666666667,24.0,37.29
34.765,24.0,36.59
35.1075,24.0,38.64
34.32666666666667,24.0,36.74
33.540000000000006,24.0,36.59
34.54,24.0,36.89
33.39333333333334,24.0,36.79
32.39,24.0,36.49
35.66,24.0,37.94
33.99666666666666,24.0,36.79
35.39333333333334,24.0,38.09
34.04,24.0,36.79
34.510000000000005,24.0,36.94
34.1875,24.0,36.94
35.38333333333333,24.0,37.54
34.6475,24.3,36.94
34.464999999999996,24.4,36.89
34.79666666666667,24.4,37.14
34.586666666666666,22.0,37.79
35.305,22.0,38.14
36.36000000000001,22.0,38.39
34.51,22.0,36.74
35.4325,24.1,37.69
36.6275,24.1,39.34
33.620000000000005,24.1,36.99
33.065,24.1,36.84
34.626666666666665,24.1,37.39
34.376666666666665,24.3,37.14
33.15,24.2,36.89
33.55,24.0,36.69
33.24666666666667,24.0,36.89
33.285000000000004,24.0,36.84
35.7125,24.1,37.89
34.4,23.9,37.89
34.2525,23.8,37.24
34.61,24.2,37.79
33.95,24.2,36.49
32.7175,24.3,36.09
33.6925,24.0,36.99
34.3,24.0,37.19
33.345,24.0,36.79
33.685,24.2,37.39
35.97,22.0,38.74
34.48,24.1,37.09
34.335,24.3,36.54
34.17666666666667,24.1,36.89
34.13249999999999,24.2,36.74
34.41499999999999,24.2,37.09
33.2825,24.3,37.64
34.582499999999996,23.9,37.34
34.166666666666664,24.5,36.74
34.32666666666666,23.3,37.24
34.5775,23.3,37.14
34.042500000000004,23.3,36.74
35.2375,23.8,36.94
34.597500000000004,24.0,36.89
34.69,24.0,37.04
34.67,24.0,36.94
35.485,24.0,37.74
34.85333333333333,24.3,36.99
36.18333333333334,24.3,38.14
33.86,24.1,36.94
35.925,24.1,38.49
34.28,24.1,36.69
35.887499999999996,24.1,38.69
34.7575,24.1,38.54
34.10666666666666,24.0,37.19
33.515,24.0,37.39
33.1075,24.0,37.04
35.2975,24.0,37.24
34.545,24.0,36.89
35.5375,24.0,37.79
36.495000000000005,24.0,39.14
34.54,25.0,36.49
34.772499999999994,25.0,37.14
34.0575,24.5,36.99
34.85,25.2,36.84
35.2825,25.1,37.59
33.98666666666666,25.3,36.24
33.74,25.2,36.79
33.33,24.9,37.04
34.0,24.9,37.24
36.195,25.0,37.99
34.93,24.3,36.94
34.99666666666667,24.2,37.34
33.123333333333335,23.8,36.34
35.0725,23.9,37.74
34.42,24.0,36.64
34.1725,24.0,37.09
34.7625,24.0,37.14
34.489999999999995,24.0,36.69
33.965,24.2,37.04
33.86750000000001,24.7,36.69
34.515,24.7,36.74
34.0275,25.5,36.59
34.5,25.9,37.09
34.582499999999996,26.2,36.99
36.405,26.2,38.24
35.1375,26.2,36.99
34.7175,26.2,37.04
34.7375,26.2,36.89
35.14,26.2,37.19
35.197500000000005,26.2,36.84
34.82,26.3,37.94
34.64333333333334,26.3,37.09
34.735,26.3,37.74
34.585,26.8,36.89
33.2775,28.0,36.84
35.34,28.0,36.94
34.406666666666666,28.0,36.74
35.553333333333335,28.5,37.09
37.693333333333335,28.6,39.54
36.5075,26.4,38.84
35.025000000000006,26.3,37.19
35.269999999999996,25.9,37.04
34.77,22.0,38.19
35.599999999999994,24.4,38.04
34.85333333333333,24.4,36.99
34.552499999999995,24.4,36.59
34.23666666666667,24.5,36.64
34.989999999999995,24.5,37.04
34.833333333333336,24.5,37.94
34.35666666666666,24.5,37.54
34.455,24.3,36.64
34.31,24.2,36.64
32.2775,24.4,36.79
35.795,24.5,38.49
34.8275,24.6,36.89
34.9075,24.6,37.19
34.144999999999996,24.5,36.59
34.96666666666667,24.6,36.94
34.666666666666664,24.6,36.79
33.205,24.6,37.04
34.935,24.4,36.89
32.973333333333336,24.5,36.89
35.29333333333333,24.5,37.59
33.4325,24.2,36.54
34.0375,24.9,36.69
34.277499999999996,25.4,36.69
34.02,25.4,36.89
33.169999999999995,25.4,37.69
33.949999999999996,23.8,37.09
33.707499999999996,23.8,36.79
34.555,23.8,37.64
34.4825,23.8,36.79
34.24333333333333,24.2,36.89
34.345,25.0,36.79
34.4325,25.3,37.34
35.625,25.3,38.19
35.77,25.3,37.94
33.915,25.3,36.79
36.05,25.3,39.09
34.169999999999995,23.9,37.09
34.365,24.2,37.14
34.75333333333333,24.2,37.74
34.940000000000005,24.2,36.99
36.292500000000004,24.2,38.44
35.50666666666667,24.2,39.24
34.4425,23.7,36.49
34.25333333333333,23.8,36.74
34.7325,24.1,36.44
34.629999999999995,24.1,36.94
33.575,24.2,36.29
34.59666666666667,24.1,36.94
34.4225,24.1,36.79
34.347500000000004,24.1,36.79
32.63333333333333,24.1,36.74
33.335,24.1,36.79
33.696666666666665,24.1,36.99
33.915,24.3,36.89
34.555,24.0,36.79
33.48,24.2,36.59
34.285,24.2,36.99
34.485,24.0,37.14
34.3875,23.8,36.89
34.8,24.3,37.09
34.082499999999996,24.1,36.94
33.644999999999996,24.3,36.89
34.4725,24.6,37.09
35.31,24.5,38.14
32.49,24.0,36.49
33.89,24.0,36.94
34.413333333333334,24.0,36.44
35.0775,24.0,36.94
34.205,24.0,37.04
32.70666666666667,24.0,36.79
36.919999999999995,24.0,38.94
34.2725,24.0,37.04
34.595,24.0,36.89
34.22749999999999,23.5,36.64
34.332499999999996,23.5,36.84
34.01,23.6,36.74
34.3025,23.8,37.09
34.5125,23.8,37.09
34.040000000000006,23.3,37.14
33.470000000000006,23.5,36.39
34.425,23.4,36.99
33.815000000000005,23.5,36.94
34.8575,23.6,36.99
34.7725,23.6,37.89
33.065,23.8,36.34
34.04,24.0,37.09
34.7725,24.2,37.24
33.71,24.2,36.69
33.927499999999995,24.3,36.44
33.879999999999995,24.3,37.09
34.2875,24.3,36.99
34.629999999999995,24.3,37.09
33.865,24.3,36.89
32.917500000000004,24.3,36.89
34.89666666666667,24.3,37.94
34.2975,23.9,36.94
33.86,23.9,36.69
34.27666666666667,23.7,36.89
34.4,23.9,36.79
32.947500000000005,23.9,37.49
34.685,23.5,36.99
34.175,23.4,36.84
34.775,23.4,37.09
34.195,23.4,36.79
34.59,23.4,36.89
34.265,23.4,36.99
34.612500000000004,23.7,36.89
33.71,23.7,36.79
34.682500000000005,23.9,36.84
32.772499999999994,23.9,37.24
34.333333333333336,24.0,36.49
34.64666666666667,24.0,37.29
33.2875,23.9,36.79
34.6225,23.9,36.59
34.332499999999996,23.9,36.74
34.24,24.3,37.04
34.0875,23.4,36.59
32.489999999999995,23.5,36.99
34.0425,23.7,36.29
34.375,23.7,36.69
32.644999999999996,23.8,37.24
33.682500000000005,23.8,36.99
33.62666666666667,23.8,36.49
33.4125,24.0,36.24
33.99666666666667,24.1,36.64
34.4825,24.2,37.09
33.6875,24.2,36.79
34.3,24.2,37.19
35.5925,24.2,37.89
35.052499999999995,23.9,37.94
34.442499999999995,24.1,36.99
34.34,24.0,36.99
34.53333333333334,24.1,37.14
34.1575,24.1,37.24
33.86333333333334,24.1,36.64
34.2475,24.1,36.84
33.045,24.1,36.64
34.4225,28.2,36.54
33.707499999999996,23.4,36.99
33.763333333333335,23.4,36.89
34.21,23.4,36.99
34.19,24.0,36.99
33.7775,23.8,36.59
32.68,24.1,36.59
34.39,24.7,36.74
33.42333333333334,24.9,37.09
34.8675,24.9,36.89
35.58,24.9,37.24
34.8725,25.7,37.09
35.065,26.2,37.64
35.03,26.8,36.99
33.085,26.8,38.39
33.50750000000001,27.6,36.89
34.6575,28.2,36.34
35.61,28.6,37.94
35.292500000000004,28.7,36.99
35.155,29.1,37.29
34.545,25.1,36.99
33.68666666666667,25.2,36.39
34.8575,25.4,36.69
35.065,25.3,37.04
34.349999999999994,25.5,37.29
34.25999999999999,25.5,36.89
34.185,25.3,36.89
34.275,25.3,36.69
32.6675,25.3,36.79
34.52,25.3,37.09
34.73,24.0,36.89
34.435,24.2,37.09
34.012499999999996,24.1,37.19
34.8775,24.1,36.94
33.800000000000004,24.2,37.14
34.48,24.1,37.69
34.32000000000001,24.3,36.79
34.68,24.5,37.14
34.1875,24.0,36.94
34.77666666666667,24.0,36.89
34.2125,23.4,36.89
34.0825,23.4,36.59
34.2025,24.8,36.79
34.9375,24.8,36.69
34.58,24.8,36.89
34.46,24.8,37.09
34.555,24.8,36.99
34.486666666666665,25.3,36.99
34.88249999999999,24.0,36.89
34.6575,24.4,37.14
34.403333333333336,24.1,36.94
34.3375,24.1,36.74
34.7825,22.0,36.54
33.96,22.8,36.84
34.51,23.5,36.74
34.010000000000005,24.0,37.39
33.385000000000005,24.3,36.64
36.27333333333334,24.3,38.74
33.3375,24.7,37.09
33.464999999999996,25.5,37.24
34.845000000000006,25.9,36.54
32.2625,26.6,37.04
35.20666666666666,27.9,36.79
35.03,26.6,36.79
35.605000000000004,27.9,37.19
34.385,27.9,36.59
34.900000000000006,27.9,36.84
34.5025,25.2,36.74
34.4825,25.7,36.94
34.49,25.8,37.14
35.4475,25.4,37.79
34.25749999999999,25.4,37.19
34.277499999999996,25.4,37.04
34.9475,25.7,36.99
34.946666666666665,25.7,36.99
34.9475,25.7,37.19
35.64666666666667,28.0,37.59
34.66,25.0,37.29
34.089999999999996,23.8,37.19
