layers,activation,batch_size,loss,mae,r2_score,root_mean_squared_error,val_loss,val_mae,val_r2_score,val_root_mean_squared_error,learning_rate
[16],prelu,64,4.404410934448239,3.289728355407713,-73.69889068603516,4.502425575256345,6.305608749389645,5.27514724731445,-137.59483337402344,5.422418403625485,0.0010000000474974513
[16],prelu,64,2.915315437316893,2.5429421424865706,-47.39649963378906,3.6240689277648905,3.150864887237547,3.590412425994871,-66.26625061035156,3.777618885040281,0.0010000000474974513
[16],prelu,64,2.1765917301177966,2.065629386901854,-34.37192916870117,3.0982669830322247,1.5401235580444326,2.327367067337035,-29.876699447631836,2.559381008148192,0.0010000000474974513
[16],prelu,64,1.515700149536132,1.719730281829833,-22.724834442138672,2.5374123573303207,0.8455612421035762,1.5261749267578115,-14.215292930603027,1.796634292602538,0.0010000000474974513
[16],prelu,64,1.2976635932922356,1.5033699989318838,-18.91074562072754,2.324519634246825,0.5228133916854856,1.0016061544418329,-6.9678120613098145,1.3001368045806878,0.0010000000474974513
[16],prelu,64,1.2467980384826653,1.4319728851318352,-18.05499839782715,2.2740181446075427,0.37945711612701394,0.701480913162231,-3.7816715240478516,1.0071853637695307,0.0010000000474974513
[16],prelu,64,1.0030130624771112,1.2746581077575676,-13.787550926208496,2.0032612323760977,0.3209707617759703,0.5746656775474545,-2.5147221088409424,0.8635052919387812,0.0010000000474974513
[16],prelu,64,0.9196607351303095,1.1910521507263176,-12.357135772705078,1.9039087772369374,0.289993232488632,0.5124692201614377,-1.8700647354125977,0.7803067445755,0.0010000000474974513
[16],prelu,64,0.8566555023193354,1.1658669948577873,-11.287412643432617,1.826079511642455,0.27080256342887865,0.4810265421867368,-1.4931864738464355,0.7272721052169796,0.0010000000474974513
[16],prelu,64,0.9120230197906489,1.185132694244384,-12.31113338470459,1.9006274700164785,0.2562409043312071,0.4622702836990354,-1.2203176021575928,0.6863207101821895,0.0010000000474974513
[16],prelu,64,0.7122327089309688,1.0465031147003168,-8.82169246673584,1.6326107025146475,0.24633119702339157,0.44958161115646333,-1.0525217056274414,0.6598776340484616,0.0010000000474974513
[16],prelu,64,0.7275729417800899,1.050869178771972,-9.137103080749512,1.6586181163787832,0.23818938732147202,0.4414339542388913,-0.9250051975250244,0.6390509605407712,0.0010000000474974513
[16],prelu,64,0.751149988174438,1.0382642984390253,-9.598723411560059,1.6959626197814932,0.22380448579788195,0.4206686854362485,-0.6570699214935303,0.592911601066589,0.0010000000474974513
[16],prelu,64,0.6951611995697017,1.0127979040145867,-8.652759552001953,1.6185092926025382,0.21319672465324388,0.40156019926071146,-0.4727656841278076,0.5589672446250912,0.0010000000474974513
[16],prelu,64,0.6517787218093868,0.9489912986755366,-7.929261207580566,1.5566724300384511,0.19885734915733325,0.3668935060501096,-0.20427846908569336,0.5054555654525754,0.0010000000474974513
[16],prelu,64,0.6914166212081905,0.9922793626785272,-8.673604011535645,1.6202559471130362,0.19348840713500964,0.3604030966758726,-0.13786005973815918,0.4913194298744199,0.0010000000474974513
[16],prelu,64,0.529794359207153,0.8505398511886592,-5.857463836669922,1.3641786575317374,0.19075108766555776,0.3510158300399778,-0.12961852550506592,0.48953686952590914,0.0010000000474974513
[16],prelu,64,0.5279051542282102,0.8616107940673823,-5.866409778594971,1.3650681495666497,0.18292189836502065,0.3362226605415342,-0.0068007707595825195,0.4621588826179502,0.0010000000474974513
[16],prelu,64,0.5694317579269406,0.8513458728790279,-6.643113613128662,1.4402060508728018,0.17883932590484608,0.333772015571594,0.031646668910980225,0.45324858427047704,0.0010000000474974513
[16],prelu,64,0.4798924684524533,0.8074370384216304,-5.101162433624268,1.2867546558380119,0.17307368516921987,0.3236230731010435,0.10931265354156494,0.4346925258636472,0.0010000000474974513
[16],prelu,64,0.46316442489623993,0.7813910007476802,-4.846419811248779,1.2596052646636955,0.16913911700248707,0.31451354026794415,0.14623934030532837,0.4255862832069394,0.0010000000474974513
[16],prelu,64,0.44176071882247897,0.7579232454299922,-4.507687568664551,1.2225710391998283,0.1666106343269347,0.31829710006713846,0.15290355682373047,0.42392199039459205,0.0010000000474974513
[16],prelu,64,0.43166906833648655,0.753692507743835,-4.3684492111206055,1.2070183753967278,0.16435115933418265,0.32339233160018904,0.1542239785194397,0.42359147071838354,0.0010000000474974513
[16],prelu,64,0.426477777957916,0.7520584344863888,-4.316055774688721,1.2011139392852777,0.1623209595680236,0.3263691544532774,0.1495659351348877,0.42475633621215797,0.0010000000474974513
[16],prelu,64,0.3863481760025022,0.7060239315032955,-3.644908905029297,1.1227370738983147,0.1585576593875884,0.31843078136444075,0.18631672859191895,0.4154772162437437,0.0010000000474974513
[16],prelu,64,0.349033463001251,0.6763577699661251,-3.022830009460449,1.0448533058166498,0.1560336470603942,0.3148487806320189,0.19528049230575562,0.41318238973617527,0.0010000000474974513
[16],prelu,64,0.36664652824401833,0.6676302909851071,-3.371717929840088,1.0892198324203484,0.15364449620246878,0.3159280300140379,0.20164042711257935,0.4115463852882383,0.0010000000474974513
[16],prelu,64,0.36272138357162453,0.6654863119125363,-3.3393607139587402,1.0851814270019524,0.15226212143898002,0.3190609216690062,0.18565768003463745,0.4156454443931577,0.0010000000474974513
[16],prelu,64,0.33129422664642316,0.6470422267913815,-2.8201420307159424,1.018190932273864,0.14856740534305563,0.30865377187728865,0.22334986925125122,0.40591231584548926,0.0010000000474974513
[16],prelu,64,0.35564775466918924,0.672564339637756,-3.286562442779541,1.0785593748092646,0.14480356872081748,0.30081428289413437,0.26267164945602417,0.39550319910049414,0.0010000000474974513
[16],prelu,64,0.3097240447998045,0.6042624950408932,-2.510260820388794,0.9760209560394282,0.1458619773387908,0.314652371406555,0.19295388460159302,0.4137792348861692,0.0010000000474974513
[16],prelu,64,0.3151050209999083,0.6206830501556393,-2.640751600265503,0.9939968347549433,0.14672362804412833,0.3272318243980406,0.1287652850151062,0.4299194455146787,0.0010000000474974513
[16],prelu,64,0.30866467952728255,0.6037052392959591,-2.561218500137329,0.9830798864364618,0.14422018826007835,0.32507954835891706,0.14205586910247803,0.42662769556045504,0.0010000000474974513
[16],prelu,64,0.28933997154235824,0.5946291446685787,-2.2535204887390137,0.9396502733230585,0.14716959893703452,0.3429056167602537,0.03150433301925659,0.45328187942504855,0.0010000000474974513
[16],prelu,64,0.2779073774814604,0.5751131772994992,-2.084946632385254,0.9149836063385004,0.14259281158447257,0.33258272409439066,0.09335583448410034,0.4385690331459043,0.0010000000474974513
[16],prelu,64,0.2682625293731688,0.5730591773986813,-1.9464452266693115,0.8942082166671748,0.13591449558734886,0.31247262954711896,0.20332753658294678,0.4111113309860227,0.0010000000474974513
[16],prelu,64,0.2625080466270445,0.5606840014457699,-1.8769125938415527,0.8835941076278682,0.1315326422452926,0.29609985351562484,0.26140326261520386,0.3958432316780088,0.0010000000474974513
[16],prelu,64,0.23779315352439867,0.5283678174018857,-1.4714317321777344,0.8189620256423945,0.12926402986049645,0.2971395850181578,0.2733479142189026,0.39262937307357765,0.0010000000474974513
[16],prelu,64,0.2298508465290068,0.512740623950958,-1.3613173961639404,0.8005097866058345,0.12988140285015098,0.311517012119293,0.22051626443862915,0.4066521406173704,0.0010000000474974513
[16],prelu,64,0.22399209737777698,0.513693022727966,-1.2882089614868164,0.7880201339721675,0.1263080567121505,0.30098783969879134,0.2624009847640991,0.3955757617950437,0.0010000000474974513
[16],prelu,64,0.22207934260368334,0.5164217233657834,-1.2842848300933838,0.7873441457748408,0.12701413035392753,0.3162927031517027,0.2085781693458557,0.4097543120384214,0.0010000000474974513
[16],prelu,64,0.22993490695953356,0.5073017477989193,-1.4528725147247314,0.8158812761306757,0.12973013520240775,0.33707492351531965,0.10931718349456787,0.4346914172172544,0.0010000000474974513
[16],prelu,64,0.20203839540481555,0.4850320100784299,-0.9886124134063721,0.7346230745315547,0.1325981676578521,0.3595925331115721,0.007954239845275879,0.4587598443031308,0.0010000000474974513
[16],prelu,64,0.202060568332672,0.4810533285140988,-1.017686367034912,0.7399737596511836,0.13033710122108452,0.3503438472747801,0.02196681499481201,0.4555083274841306,0.0010000000474974513
[16],prelu,64,0.19548819065093984,0.47997132539749116,-0.9300607442855835,0.7237272977828976,0.1288922041654586,0.35051017999649026,0.018744051456451416,0.45625820159912084,0.0010000000474974513
[16],prelu,64,0.1948634326457976,0.4735403537750241,-0.9469528198242188,0.726887440681457,0.12180112302303307,0.32370833158493023,0.1438044309616089,0.4261927127838132,0.0010000000474974513
[16],prelu,64,0.19219613671302785,0.4749581336975095,-0.9268118143081665,0.723117899894714,0.11856542229652398,0.3163562536239622,0.18311357498168945,0.41629421710967995,0.0010000000474974513
[16],prelu,64,0.17621363997459402,0.4439388155937192,-0.6702675819396973,0.6732594966888423,0.11195830106735223,0.28975355029106126,0.2994116544723511,0.3855235934257505,0.0010000000474974513
[16],prelu,64,0.1701404571533202,0.4362292528152463,-0.5888824462890625,0.6566521167755123,0.11355239152908318,0.3035169839859007,0.2299102544784546,0.40419430732727024,0.0010000000474974513
[16],prelu,64,0.16597448587417593,0.4360285520553586,-0.5411096811294556,0.646705055236816,0.1085710555315017,0.28529221415519695,0.3101094365119934,0.3825688719749448,0.0010000000474974513
[16],prelu,64,0.15376487374305717,0.4156523466110227,-0.35036134719848633,0.6053610563278194,0.10756823122501367,0.2860856831073759,0.3006551265716553,0.38518130779266335,0.0010000000474974513
[16],prelu,64,0.1497837781906127,0.40554238557815525,-0.30508971214294434,0.5951269984245297,0.10494716763496392,0.27929363250732403,0.3281177878379822,0.3775426983833311,0.0010000000474974513
[16],prelu,64,0.1535409450531005,0.4155120491981504,-0.39601993560791016,0.6155102491378781,0.10530577898025506,0.28832198381423935,0.2890062928199768,0.38837599754333474,0.0010000000474974513
[16],prelu,64,0.15328956842422475,0.41550933122634864,-0.41546201705932617,0.6197814702987667,0.10497484803199762,0.2944944798946379,0.26662808656692505,0.3944406509399412,0.0010000000474974513
[16],prelu,64,0.14972645938396445,0.4085958838462827,-0.37564313411712646,0.611001634597778,0.10419967174530023,0.2994217693805693,0.2543877959251404,0.3977187037467954,0.0010000000474974513
[16],prelu,64,0.1448008239269256,0.41201344728469824,-0.3116990327835083,0.5966320395469662,0.10644787251949304,0.31549894809722884,0.17402106523513794,0.4186046004295347,0.0010000000474974513
[16],prelu,64,0.13798725306987755,0.3922409892082212,-0.21432995796203613,0.5740607142448422,0.10213808119297021,0.2979826390743254,0.24215173721313477,0.4009688615798948,0.0010000000474974513
[16],prelu,64,0.12576068043708793,0.3802261948585508,-0.020524978637695312,0.5262611389160153,0.0981701105833053,0.2837601184844969,0.3037143349647522,0.38433791399002054,0.0010000000474974513
[16],prelu,64,0.12779508233070366,0.37732937335968,-0.07858884334564209,0.5410251259803769,0.09561603963375086,0.27781337499618514,0.33334219455718994,0.376072025299072,0.0010000000474974513
[16],prelu,64,0.13249744176864617,0.39515404701232887,-0.18363714218139648,0.5667594552040097,0.09623912572860711,0.28442063927650435,0.2915627956390381,0.38767715692520116,0.0010000000474974513
[16],prelu,64,0.1223925054073333,0.3698103904724119,-0.026095271110534668,0.5276954054832456,0.09222265183925624,0.27257201671600323,0.3559585213661194,0.369637870788574,0.0010000000474974513
[16],prelu,64,0.1201774209737777,0.36969215869903543,-0.007449030876159668,0.5228787660598752,0.09188949465751642,0.276905447244644,0.3373669385910034,0.3749350905418394,0.0010000000474974513
[16],prelu,64,0.11924107074737542,0.37427544593811013,-0.010972142219543457,0.5237922549247739,0.08871848881244654,0.26783927679061875,0.3837276101112366,0.361581230163574,0.0010000000474974513
[16],prelu,64,0.11614428162574761,0.3568382978439329,0.023966193199157715,0.5146617650985714,0.08727807998657221,0.26566849350929245,0.39093494415283203,0.35946067571639995,0.0010000000474974513
[16],prelu,64,0.11168786287307733,0.3556477189064024,0.08303588628768921,0.498845028877258,0.08645671606063837,0.2676755189895628,0.3847905397415161,0.3612692713737486,0.0010000000474974513
[16],prelu,64,0.10942192375659936,0.3472249388694761,0.10428601503372192,0.4930309295654294,0.08362849652767176,0.2563479065895079,0.42491573095321655,0.3492893099784849,0.0010000000474974513
[16],prelu,64,0.1057447046041488,0.34309608936309793,0.15041422843933105,0.4801678776741025,0.08301415443420405,0.26029313206672655,0.4144086241722107,0.35246568918228127,0.0010000000474974513
[16],prelu,64,0.10742522478103632,0.34969865083694435,0.10186290740966797,0.4936973333358762,0.08215494453907007,0.2604036390781401,0.4102292060852051,0.3537212491035459,0.0010000000474974513
[16],prelu,64,0.10173795819282526,0.34185265302658063,0.18413841724395752,0.4705412507057187,0.08074708878993983,0.2553933441638945,0.4187660217285156,0.35115190744400004,0.0010000000474974513
[16],prelu,64,0.10385289788246149,0.3449992060661314,0.12865722179412842,0.4862773060798642,0.07951181530952449,0.2536122322082518,0.4237658977508545,0.34963831901550274,0.0010000000474974513
[16],prelu,64,0.10014804303646081,0.33728055953979474,0.17638075351715088,0.4727730631828305,0.07846664786338801,0.25500698089599594,0.4249749779701233,0.3492712855339048,0.0010000000474974513
[16],prelu,64,0.09564612507820124,0.3265745759010313,0.23867952823638916,0.4545411586761472,0.0768718600273132,0.2499764800071715,0.43925243616104126,0.3449079751968382,0.0010000000474974513
[16],prelu,64,0.09782838821411127,0.3313997268676756,0.1832578182220459,0.470795130729675,0.07602041959762569,0.2542265653610228,0.43733203411102295,0.3454980969429014,0.0010000000474974513
[16],prelu,64,0.09498398602008815,0.3326359033584593,0.21709030866622925,0.4609409809112546,0.07562338113784786,0.2577022075653075,0.424957811832428,0.34927650690078715,0.0010000000474974513
[16],prelu,64,0.09250775277614588,0.32941693067550637,0.24407917261123657,0.4529263973236081,0.07467671334743495,0.2570953667163847,0.42491424083709717,0.3492897391319273,0.0010000000474974513
[16],prelu,64,0.09110475182533259,0.32280814647674544,0.25237399339675903,0.45043451786041233,0.073815044760704,0.25744487643241865,0.42376476526260376,0.3496386408805845,0.0010000000474974513
[16],prelu,64,0.0890241533517837,0.323676288127899,0.27318066358566284,0.4441224217414853,0.07270641177892681,0.25382788181304916,0.428505539894104,0.34819740056991555,0.0010000000474974513
[16],prelu,64,0.08760631084442133,0.32220114469528177,0.2824004888534546,0.4412965536117551,0.07271876782178874,0.2583986163139342,0.4080806374549866,0.35436497926712013,0.0010000000474974513
[16],prelu,64,0.08642260730266565,0.31433283090591413,0.2877405881881714,0.4396515011787412,0.07225504517555233,0.2600914657115935,0.3987008333206177,0.35716166496276835,0.0010000000474974513
[16],prelu,64,0.08704078495502467,0.31838382482528665,0.26135849952697754,0.44771983623504613,0.0710104644298553,0.2566670715808867,0.40733712911605835,0.3545874595642088,0.0010000000474974513
[16],prelu,64,0.08435638546943659,0.3132490396499632,0.29407668113708496,0.4376916289329526,0.06944950371980663,0.2582512736320494,0.42458629608154297,0.34938930273056007,0.0010000000474974513
[16],prelu,64,0.07964151799678798,0.305180776119232,0.36340218782424927,0.41564451456069923,0.0684640601277351,0.2546421825885771,0.42853713035583496,0.34818778038024883,0.0010000000474974513
[16],prelu,64,0.08102760314941401,0.30502849817275984,0.32437431812286377,0.4281959652900693,0.06724973469972606,0.25211146473884566,0.4376733899116516,0.3453932404518125,0.0010000000474974513
[16],prelu,64,0.07863396406173702,0.3066460490226744,0.3525874614715576,0.4191601753234861,0.06621979773044583,0.24984794855117784,0.4428211450576782,0.34380866289138773,0.0010000000474974513
[16],prelu,64,0.07680872976779933,0.3024229645729063,0.37058353424072266,0.4132934689521787,0.06639690846204754,0.2547565340995787,0.4206576347351074,0.35058002471923805,0.0010000000474974513
[16],prelu,64,0.07620668113231654,0.2949332714080809,0.36716407537460327,0.4144145965576169,0.06560528129339215,0.25488798022270187,0.42087769508361816,0.350513434410095,0.0010000000474974513
[16],prelu,64,0.07653396427631373,0.3027472615242003,0.3479539155960083,0.4206574916839597,0.06390947252511975,0.24985232949256883,0.4424208998680115,0.34393215179443337,0.0010000000474974513
[16],prelu,64,0.07500264644622798,0.296005994081497,0.36200839281082153,0.41609927415847753,0.06218133866786953,0.24394111633300766,0.4650692343711853,0.33687465190887433,0.0010000000474974513
[16],prelu,64,0.07373321056365963,0.3014679193496702,0.3716542720794678,0.412941777706146,0.06160911172628399,0.24406532049179064,0.46154332160949707,0.33798304796218853,0.0010000000474974513
[16],prelu,64,0.07101975381374355,0.293507409095764,0.40647661685943604,0.40133625268936135,0.06120059788227078,0.24656982421874984,0.45389193296432495,0.34037590026855447,0.0010000000474974513
[16],prelu,64,0.07230759859085079,0.29464902877807597,0.37097084522247314,0.41316626071929907,0.06031410545110699,0.24758529067039475,0.4580737352371216,0.33907020092010476,0.0010000000474974513
[16],prelu,64,0.06940745562314983,0.29311686158180217,0.4096563458442688,0.4002597570419309,0.060225489735603294,0.24945784807205185,0.443867564201355,0.3434856534004209,0.0010000000474974513
[16],prelu,64,0.06999848037958141,0.2925887525081633,0.3868352174758911,0.40792289972305273,0.059553793072700464,0.2495088100433348,0.44358640909194946,0.3435725212097166,0.0010000000474974513
[16],prelu,64,0.06727402657270427,0.28905622959136945,0.4229190945625305,0.39573805332183815,0.05848576873540875,0.2479127168655394,0.45232200622558594,0.3408648133277891,0.0010000000474974513
[16],prelu,64,0.06742600053548808,0.2879173815250395,0.40835297107696533,0.40070135593414286,0.058331573009490933,0.2499723315238951,0.44077372550964355,0.34443976879119853,0.0010000000474974513
[16],prelu,64,0.0656123578548431,0.28493537306785566,0.42880702018737793,0.39371402263641336,0.05799544751644131,0.2518634140491484,0.4338114857673645,0.34657723903655985,0.0010000000474974513
[16],prelu,64,0.06566421389579769,0.2884514093399046,0.41656965017318726,0.3979091763496397,0.0571200996637344,0.24983443021774276,0.4391694664955139,0.3449334740638731,0.0010000000474974513
[16],prelu,64,0.06474326401948925,0.2830214381217955,0.4216485619544983,0.3961734652519224,0.056585025787353485,0.24933248162269578,0.43695753812789917,0.3456130385398863,0.0010000000474974513
[16],prelu,64,0.06321612149477002,0.28061299324035627,0.4374160170555115,0.39073576927185033,0.05712638497352597,0.2548089623451231,0.41036802530288696,0.3536796212196348,0.0010000000474974513
[16],prelu,64,0.06603366583585735,0.29049299955368024,0.3765970468521118,0.4113143920898435,0.055338656902313196,0.24928066134452806,0.43721145391464233,0.3455350756645201,0.0010000000474974513
[16],prelu,64,0.06150708496570584,0.28324629664421064,0.44605201482772827,0.3877251148223875,0.05520590543746945,0.2518530964851378,0.4264906644821167,0.3488106608390806,0.0010000000474974513
[16],prelu,64,0.060099010169506036,0.2794467151165007,0.4603191018104553,0.38269958496093726,0.0542285397648811,0.2495840728282927,0.4352281093597412,0.3461434006690977,0.0010000000474974513
[16],prelu,64,0.061989216506481135,0.28194985985755905,0.41657555103302,0.3979071736335752,0.053192505240440335,0.24784877300262437,0.4455779790878296,0.3429570436477659,0.0010000000474974513
[16],prelu,64,0.059266439080238306,0.2805501759052275,0.454642653465271,0.38470698595046976,0.05230044275522229,0.24709786176681503,0.45312702655792236,0.34061418771743757,0.0010000000474974513
[16],prelu,64,0.05924549549818035,0.28154901266098004,0.4451637268066406,0.38803589344024636,0.051889912784099546,0.24782872796058641,0.4498501420021057,0.3416331410408018,0.0010000000474974513
[16],prelu,64,0.05882362872362133,0.2801711261272429,0.44278526306152344,0.3888666987419126,0.052027080953121155,0.2510339498519896,0.43405985832214355,0.3465012431144712,0.0010000000474974513
[16],prelu,64,0.05835486799478527,0.27909445166587815,0.44117099046707153,0.3894296050071714,0.050997309386730166,0.24765611886978134,0.4447094202041626,0.343225586414337,0.0010000000474974513
[16],prelu,64,0.05776271224021908,0.2814016342163084,0.44181114435195923,0.3892064452171323,0.05046802908182141,0.2472954154014586,0.4444340467453003,0.34331070184707624,0.0010000000474974513
[16],prelu,64,0.054925614595413175,0.27448140978813157,0.4826580882072449,0.3746953368186948,0.04975018948316571,0.24657078981399522,0.4488260746002197,0.34195100069046,0.0010000000474974513
[16],prelu,64,0.05559002459049221,0.2780218362808226,0.4616573452949524,0.3822247982025144,0.049522930383682225,0.24790837168693527,0.44206345081329346,0.34404237270355204,0.0010000000474974513
[16],prelu,64,0.053467293083667725,0.2725130617618559,0.489773154258728,0.37210983037948586,0.05001869648694989,0.2534224569797514,0.41889482736587524,0.3511129975318907,0.0010000000474974513
[16],prelu,64,0.05390246361494061,0.27427155375480633,0.47292274236679077,0.3782044172286985,0.04915690720081326,0.25211160778999314,0.4269259572029114,0.34867830276489237,0.0010000000474974513
[16],prelu,64,0.05637470036745068,0.2805098354816435,0.4204697608947754,0.3965769767761228,0.04740256816148755,0.2459745347499846,0.4556233882904053,0.3398359179496763,0.0010000000474974513
[16],prelu,64,0.052322034537792175,0.27373446822166425,0.48336654901504517,0.3744387030601499,0.04708275496959684,0.24645051956176744,0.4516814947128296,0.3410640835762022,0.0010000000474974513
[16],prelu,64,0.05318275988101956,0.2779564976692198,0.45963627099990845,0.3829416275024412,0.046577078104019135,0.2459972977638243,0.4523356556892395,0.34086055755615213,0.0010000000474974513
[16],prelu,64,0.05151342004537579,0.2750143289566038,0.48059356212615967,0.37544224262237524,0.04706689864397046,0.25084488987922654,0.4302058219909668,0.3476790547370909,0.0010000000474974513
[16],prelu,64,0.05127793103456494,0.2739541590213774,0.476312518119812,0.37698630094528174,0.0462498530745506,0.2493496656417845,0.4381282925605774,0.3452535152435301,0.0010000000474974513
[16],prelu,64,0.05014993250370023,0.2707294642925261,0.4879631996154785,0.37276922464370704,0.046296277642250035,0.25114193558692915,0.4264681339263916,0.3488175272941587,0.0010000000474974513
[16],prelu,64,0.0513749152421951,0.2757390797138212,0.458274781703949,0.3834237456321714,0.044660809636116,0.24544338583946212,0.45335596799850464,0.34054287672042827,0.0010000000474974513
[16],prelu,64,0.05071736723184583,0.27601609826087936,0.4619513750076294,0.3821204066276548,0.04434166252613065,0.2464939713478087,0.4503607749938965,0.3414746046066282,0.0010000000474974513
[16],prelu,64,0.04951910376548764,0.27272304296493516,0.4751437306404114,0.3774067640304563,0.044140063226222964,0.24742164015769944,0.44485145807266235,0.3431817054748533,0.0010000000474974513
[16],prelu,64,0.04911343753337857,0.272038686275482,0.4746555685997009,0.377582252025604,0.043052181601524325,0.24432649612426743,0.4598309397697449,0.33852002620697,0.0010000000474974513
[16],prelu,64,0.04754327237606046,0.2704055786132811,0.4947316646575928,0.3702972650527952,0.043692058324813814,0.24936109185218797,0.4354284405708313,0.3460819959640501,0.0010000000474974513
[16],prelu,64,0.047945603728294345,0.2706074953079222,0.480171799659729,0.37559462785720804,0.04233437776565549,0.2443904578685759,0.4568328857421875,0.33945815563201887,0.0010000000474974513
[16],prelu,64,0.04881146550178525,0.2738239645957945,0.4575648903846741,0.3836748719215391,0.041390061378478976,0.24170844554901108,0.46898651123046875,0.335638904571533,0.0010000000474974513
[16],prelu,64,0.046300247311592074,0.26999294757843,0.4946495294570923,0.37032737731933574,0.041489544510841345,0.24448329806327807,0.45723533630371094,0.3393323779106138,0.0010000000474974513
[16],prelu,64,0.046675001084804504,0.2728161513805388,0.480682909488678,0.37540994882583595,0.04137914478778837,0.2458520650863646,0.4504856467247009,0.3414358019828794,0.0010000000474974513
[16],prelu,64,0.04580633640289304,0.2694158434867857,0.4889887571334839,0.3723957538604734,0.04115839898586271,0.24662132263183578,0.4465293884277344,0.3426626801490782,0.0010000000474974513
[16],prelu,64,0.045832411944866154,0.2696845471858977,0.48145198822021484,0.3751318573951719,0.04076207578182218,0.24705757498741135,0.4466027617454529,0.34263997077941877,0.0010000000474974513
[16],prelu,64,0.04560968130826947,0.27035340070724473,0.4786694049835205,0.37613700628280616,0.03956491649150846,0.2426672279834746,0.46518802642822266,0.33683724403381327,0.0010000000474974513
[16],prelu,64,0.044981686770915956,0.2690510451793669,0.48318177461624146,0.37450565099716165,0.03890667557716367,0.24119666218757616,0.47173070907592773,0.33477051258087137,0.0010000000474974513
[16],prelu,64,0.04492837339639661,0.2751059889793394,0.47759485244750977,0.37652446031570413,0.03842253237962721,0.24086415767669664,0.47437626123428345,0.3339311957359312,0.0010000000474974513
[16],prelu,64,0.04464723318815229,0.2722566425800322,0.47606486082077026,0.3770754218101499,0.03854130059480665,0.24302843213081346,0.4632822275161743,0.33743687868118266,0.0010000000474974513
[16],prelu,64,0.043476305902004214,0.27068333029746994,0.4902234673500061,0.37194557189941385,0.037907293438911416,0.24101672172546373,0.46945881843566895,0.33548959493637065,0.0010000000474974513
[16],prelu,64,0.04521991610527036,0.2753773748874663,0.4530707001686096,0.3852610230445859,0.03757955431938169,0.2409689605236052,0.4688605070114136,0.335678708553314,0.0010000000474974513
[16],prelu,64,0.04288112819194791,0.2689827382564543,0.48824572563171387,0.37266637086868265,0.036630130559205984,0.23762279748916612,0.4826517105102539,0.33129204511642435,0.0010000000474974513
[16],prelu,64,0.042198680341243716,0.2704737782478331,0.49445033073425293,0.3704003334045408,0.03627724349498747,0.23959184288978563,0.48306894302368164,0.3311584711074827,0.0010000000474974513
[16],prelu,64,0.043373295664787266,0.2714522302150725,0.4676018953323364,0.3801086068153379,0.03628440052270887,0.24290151000022875,0.4751555323600769,0.33368360996246316,0.0010000000474974513
[16],prelu,64,0.0410628944635391,0.26819626092910753,0.5026060342788696,0.3674004793167112,0.035728948563337304,0.24083790779113756,0.4804059863090515,0.3320103406906126,0.0010000000474974513
[16],prelu,64,0.040899230539798714,0.2667640686035155,0.4997265338897705,0.36846241950988745,0.03554149344563482,0.23990428447723375,0.47724032402038574,0.33302021026611306,0.0010000000474974513
[16],prelu,64,0.041941402852535226,0.26922174096107465,0.47568434476852417,0.37721232175827,0.03489833325147627,0.23891465663909897,0.48491305112838745,0.3305672049522398,0.0010000000474974513
[16],prelu,64,0.04056400805711744,0.2691700994968413,0.4947666525840759,0.37028446197509746,0.03479985147714613,0.24133783578872667,0.48020321130752563,0.33207510709762555,0.0010000000474974513
[16],prelu,64,0.04057828634977338,0.2675744712352751,0.4888089895248413,0.37246123552322363,0.035154929012060146,0.24337885379791246,0.4650190472602844,0.3368904232978819,0.0010000000474974513
[16],prelu,64,0.03975973427295682,0.2673338413238524,0.49798738956451416,0.36910232305526713,0.03456256091594694,0.2427633941173552,0.4717365503311157,0.33476868867874127,0.0010000000474974513
[16],prelu,64,0.04024756550788877,0.2717049300670622,0.4840991497039795,0.3741731286048887,0.0340798571705818,0.2402941524982451,0.4760236144065857,0.33340752124786355,0.0010000000474974513
[16],prelu,64,0.04046388566493986,0.27175955772399885,0.47522932291030884,0.37737597227096537,0.03348374292254446,0.23844253420829759,0.4830141067504883,0.33117603063583356,0.0010000000474974513
[16],prelu,64,0.04004953354597089,0.27003625631332384,0.4773353338241577,0.3766179800033567,0.03425453156232832,0.24324086308479295,0.4587860107421875,0.33884729146957376,0.0010000000474974513
[16],prelu,64,0.039054679870605444,0.26894143223762496,0.4897574782371521,0.3721155524253843,0.03344464302062986,0.24057438969612108,0.47089219093322754,0.3350361227989195,0.0010000000474974513
[16],prelu,64,0.0395737364888191,0.27090382575988753,0.4759818911552429,0.3771052837371824,0.03262628316879271,0.23893899321556078,0.4835423231124878,0.33100680112838726,0.0010000000474974513
[16],prelu,64,0.0380621552467346,0.26445393562316877,0.4980883002281189,0.3690652370452879,0.03218717873096464,0.2382116317749022,0.48775309324264526,0.3296546459197996,0.0010000000474974513
[16],prelu,64,0.0375452935695648,0.26546128392219526,0.502791702747345,0.36733192205429055,0.03227557092905042,0.23922756314277635,0.47986042499542236,0.33218457698822,0.0010000000474974513
[16],prelu,64,0.03979001641273496,0.2714923918247221,0.45848995447158813,0.38334757089614846,0.03169954419136045,0.2381613135337828,0.4873056411743164,0.32979859113693216,0.0010000000474974513
[16],prelu,64,0.03690626621246336,0.2667401790618895,0.5051202178001404,0.3664707541465757,0.031690263748168926,0.23822091221809374,0.4818016290664673,0.33156412839889504,0.0010000000474974513
[16],prelu,64,0.037372849881648997,0.267739552259445,0.4924428462982178,0.3711350083351133,0.03165435567498205,0.23858537077903733,0.47693943977355957,0.33311601877212504,0.0010000000474974513
[16],prelu,64,0.03655159994959829,0.2653125643730162,0.502593457698822,0.3674051284790037,0.031384339928627,0.23862648010253892,0.4776831269264221,0.3328791260719297,0.0010000000474974513
[16],prelu,64,0.03771722316741941,0.26858358979225144,0.4778202772140503,0.3764432072639463,0.031122909486293773,0.23795936107635485,0.47827309370040894,0.3326910853385923,0.0010000000474974513
[16],prelu,64,0.035266877710819225,0.2650669813156126,0.5171608328819275,0.36198513507842994,0.030630952119827252,0.23752423524856553,0.4842817187309265,0.3307697653770445,0.0010000000474974513
[16],prelu,64,0.03631440103054045,0.26507751345634445,0.49444645643234253,0.3704017639160154,0.030275072157382947,0.23684095144271836,0.4870378375053406,0.32988470792770364,0.0010000000474974513
[16],prelu,64,0.0360235311090946,0.26583761572837816,0.4954860210418701,0.3700207471847532,0.030792012065649015,0.24136084914207445,0.47005146741867065,0.33530216217041,0.0010000000474974513
[16],prelu,64,0.035650815814733484,0.2656086623668669,0.4981430768966675,0.36904510259628276,0.03025244548916815,0.2396120667457579,0.47750717401504517,0.33293520212173444,0.0010000000474974513
[16],prelu,64,0.03543019518256185,0.2673900961875914,0.4984947443008423,0.36891578435897804,0.029562541097402556,0.23877083659172044,0.4886430501937866,0.3293681502342222,0.0010000000474974513
[16],prelu,64,0.03527633249759672,0.266363739967346,0.49743878841400146,0.3693039536476133,0.02996574640274046,0.23989396691322312,0.47446948289871216,0.33390158414840676,0.0010000000474974513
[16],prelu,64,0.03474963828921316,0.2660668194293974,0.5029534101486206,0.36727216243743877,0.030087909847497922,0.24152283668518051,0.46704792976379395,0.33625102043151833,0.0010000000474974513
[16],prelu,64,0.034879209101200084,0.2645239055156706,0.49712073802948,0.36942079067230205,0.029779218882322295,0.24195433259010302,0.46952831745147705,0.3354676365852354,0.0010000000474974513
[16],prelu,64,0.03399917185306547,0.2629680275917052,0.5092296600341797,0.36494600772857644,0.029031702876090987,0.23850828409194932,0.48231929540634155,0.3313984751701353,0.0010000000474974513
[16],prelu,64,0.03394693583250044,0.2648939251899718,0.5070348978042603,0.3657611489295957,0.02842253297567366,0.23611607551574693,0.49197542667388916,0.328293192386627,0.0010000000474974513
[16],prelu,64,0.03352792114019392,0.26422904133796676,0.5109355449676514,0.36431121826171853,0.02876175642013548,0.2389730930328368,0.47976088523864746,0.33221637010574323,0.0010000000474974513
[16],prelu,64,0.03332264944911001,0.26312114596366865,0.5113170146942139,0.3641690611839292,0.0281113989651203,0.2353441715240477,0.490642786026001,0.3287234902381895,0.0010000000474974513
[16],prelu,64,0.03258025646209715,0.26221273541450485,0.5214031934738159,0.3603913664817808,0.028055334091186507,0.2350159406661986,0.48794084787368774,0.32959420680999735,0.0010000000474974513
[16],prelu,64,0.0329719193279743,0.26445495486259446,0.5114189386367798,0.36413108110427833,0.027491397410631165,0.2329028248786925,0.4969237446784973,0.32669044733047464,0.0010000000474974513
[16],prelu,64,0.033253566920757274,0.2654305815696715,0.5033918619155884,0.36711012125015235,0.027839510142803177,0.23694017529487596,0.4848064184188843,0.33060142993926983,0.0010000000474974513
[16],prelu,64,0.032694721966981866,0.26283338069915757,0.5100322961807251,0.3646474599838255,0.028626749664545044,0.241731423139572,0.46306610107421875,0.33750479221343976,0.0010000000474974513
[16],prelu,64,0.03225923851132391,0.26264154911041243,0.5149610042572021,0.3628087878227232,0.027567324042320235,0.2378715634346007,0.48368406295776367,0.3309613466262815,0.0010000000474974513
[16],prelu,64,0.03203225433826445,0.2606406927108763,0.5162159204483032,0.3623391509056089,0.027209562063217146,0.2361972391605376,0.4884103536605835,0.32944310903549173,0.0010000000474974513
[16],prelu,64,0.032334329187870006,0.26396425366401655,0.5083447694778442,0.36527484655380227,0.026857721060514435,0.23537353277206408,0.4929596781730652,0.32797504663467386,0.0010000000474974513
[16],prelu,64,0.032659804075956325,0.26533557772636396,0.49978578090667725,0.36844060420989966,0.027534308284521088,0.23866943120956408,0.47413843870162964,0.33400676250457745,0.0010000000474974513
[16],prelu,64,0.03206581324338911,0.26424422264099107,0.5078243017196655,0.36546818017959576,0.026980729401111587,0.23662900328636155,0.48360782861709595,0.3309857726097105,0.0010000000474974513
[16],prelu,64,0.030772905796766264,0.260857057571411,0.5282237529754639,0.35781415700912456,0.026519729197025284,0.23475649952888475,0.49103111028671265,0.3285981774330137,0.0010000000474974513
[16],prelu,64,0.0327272057533264,0.2673408150672911,0.49117612838745117,0.3715978503227232,0.027595102787017805,0.24146193265914903,0.46312516927719116,0.3374862313270567,0.0010000000474974513
[16],prelu,64,0.03192883059382437,0.2655254423618315,0.5025980472564697,0.3674034118652342,0.0275899864733219,0.24233332872390734,0.4600662589073181,0.3384462833404539,0.0010000000474974513
[16],prelu,64,0.030640800297260268,0.25928288698196394,0.5231367349624634,0.3597380876541136,0.02655909508466719,0.237544548511505,0.4808749556541443,0.3318604588508604,0.0010000000474974513
[16],prelu,64,0.03043969273567198,0.2614369869232176,0.5247094631195068,0.35914435386657695,0.026266673952341064,0.23621211647987353,0.4848204255104065,0.3305969595909117,0.0010000000474974513
[16],prelu,64,0.03129229769110678,0.26245071887969956,0.5074399709701538,0.3656108021736143,0.02659065350890158,0.23835273385047898,0.4747440814971924,0.3338143587112425,0.0010000000474974513
[16],prelu,64,0.032185522466897945,0.26535075902938826,0.489532470703125,0.37219755649566627,0.026872739195823652,0.24080983400344835,0.4656221866607666,0.33670048713684064,0.0010000000474974513
[16],prelu,64,0.03206656873226164,0.26629904508590685,0.4897459149360657,0.37211973667144754,0.025719590485095964,0.2386917650699614,0.4894114136695862,0.32912060022354106,0.0010000000474974513
[16],prelu,64,0.03085763677954672,0.2643597364425658,0.5093246698379517,0.36491070985794044,0.025778507441282256,0.23869446516036974,0.4858219027519226,0.33027548789978006,0.0010000000474974513
[16],prelu,64,0.030594210326671582,0.2628730952739714,0.5120134353637695,0.36390949487686136,0.02598662674427031,0.23929880261421188,0.4786524176597595,0.33257009983062724,0.0010000000474974513
[16],prelu,64,0.030600142478942854,0.2640274107456206,0.510261595249176,0.36456212997436505,0.025312341749668107,0.236896777153015,0.49184638261795044,0.32833489179611186,0.0010000000474974513
[16],prelu,64,0.031012921035289746,0.2644617676734923,0.5010883212089539,0.3679605960845945,0.02606570720672606,0.24133595824241624,0.4721461534500122,0.33463883399963357,0.0010000000474974513
[16],prelu,64,0.03063357397913931,0.2637699365615843,0.5058022141456604,0.36621816158294657,0.026237339526414855,0.24190617799758896,0.46588271856307983,0.33661837577819803,0.0010000000474974513
[16],prelu,64,0.030201304703950865,0.2624341785907744,0.5116739273071289,0.3640360951423643,0.025881278514862046,0.23962563872337328,0.47174012660980225,0.33476754426956157,0.0010000000474974513
[16],prelu,64,0.030379347503185255,0.2625824332237242,0.5069520473480225,0.365791869163513,0.025039306282997116,0.2355684936046599,0.48884499073028564,0.32930309772491434,0.0010000000474974513
[16],prelu,64,0.030368719249963743,0.2634075343608855,0.5054811239242554,0.3663371086120603,0.02539265155792235,0.23843450546264636,0.47871965169906616,0.3325486421585081,0.0010000000474974513
[16],prelu,64,0.030577482283115368,0.2641953706741331,0.500232458114624,0.36827605962753274,0.024577063322067248,0.23465586304664598,0.4952264428138733,0.32724108695983867,0.0010000000474974513
[16],prelu,64,0.030438286811113338,0.26553397178649885,0.5011858940124512,0.36792461872100807,0.024554322659969315,0.23522474169731125,0.49396926164627075,0.3276483178138731,0.0010000000474974513
[16],prelu,64,0.029597079008817657,0.26271670460700974,0.5146005153656006,0.3629435777664182,0.02455545142292975,0.23671095371246323,0.4921233654022217,0.3282453775405882,0.0010000000474974513
[16],prelu,64,0.029324571043252926,0.2623609185218809,0.5181858539581299,0.3616006851196287,0.024539624154567705,0.2363370001316069,0.49087363481521606,0.3286490321159361,0.0010000000474974513
[16],prelu,64,0.02903365194797514,0.2610796988010405,0.5220469236373901,0.3601489305496214,0.02443962469696997,0.23527505993843065,0.49158775806427,0.328418433666229,0.0010000000474974513
[16],prelu,64,0.028956793248653395,0.26163985133171064,0.5222870111465454,0.36005841493606544,0.024018953740596757,0.23382913470268235,0.4997701048851013,0.3257649421691893,0.0010000000474974513
[16],prelu,64,0.029616578668355924,0.26282796263694747,0.5095567107200623,0.36482441425323464,0.024108503758907305,0.2352875232696532,0.49633467197418213,0.3268816351890562,0.0010000000474974513
[16],prelu,64,0.029704163968563062,0.26368859410285933,0.5068033933639526,0.3658470153808592,0.023855178058147415,0.23462866544723496,0.5006473064422607,0.32547919750213605,0.0010000000474974513
[16],prelu,64,0.02930589169263838,0.262974715232849,0.5127648115158081,0.3636292219161985,0.024042326956987367,0.23560103774070726,0.49474936723709106,0.32739568948745706,0.0010000000474974513
[16],prelu,64,0.02957052290439604,0.26334367990493757,0.506751537322998,0.36586625576019266,0.02454135641455649,0.2382039070129393,0.4817940592765808,0.3315665602684019,0.0010000000474974513
[16],prelu,64,0.02908919379115103,0.2618327379226683,0.5141104459762573,0.36312675476074197,0.024107526987791048,0.23665965199470507,0.4902433753013611,0.3288523793220518,0.0010000000474974513
[16],prelu,64,0.028543058037757855,0.2620155572891234,0.5227236747741699,0.3598938345909117,0.02389772236347197,0.23602218031883226,0.49395501613616943,0.3276529669761656,0.0010000000474974513
[16],prelu,64,0.02879595905542372,0.2623012661933897,0.5175308585166931,0.36184641122817973,0.02423069849610327,0.23774528503417955,0.48512256145477295,0.33050000667572,0.0010000000474974513
[16],prelu,64,0.029618029296398146,0.26385714411735517,0.5019976496696472,0.36762510538101173,0.02362231537699698,0.23404097557067857,0.49805188179016113,0.32632395029067973,0.0010000000474974513
[16],prelu,64,0.029907891154289226,0.2630351901054381,0.49643516540527344,0.3696725249290464,0.023631043732166276,0.23482505679130541,0.4970611333847046,0.32664585113525374,0.0010000000474974513
[16],prelu,64,0.028489199280738814,0.26093298196792586,0.5204920172691345,0.3607342600822447,0.02399247139692305,0.2374727368354796,0.4875820279121399,0.3297096848487852,0.0010000000474974513
[16],prelu,64,0.029406823217868788,0.2644994795322417,0.5032994747161865,0.36714427471160865,0.024351064860820757,0.23918005228042588,0.47809267044067383,0.3327485918998716,0.0010000000474974513
[16],prelu,64,0.02843948006629942,0.26169106364250166,0.5191750526428223,0.3612292885780332,0.026345973461866363,0.24967693090438828,0.43144118785858154,0.347301936149597,0.0010000000474974513
[16],prelu,64,0.029015593975782378,0.2622326552867888,0.5081679821014404,0.3653405427932737,0.024745199829339967,0.24153277873992907,0.46685516834259033,0.33631181716918923,0.0010000000474974513
[16],prelu,64,0.028681044280529006,0.26126021146774275,0.5135551691055298,0.3633342146873472,0.02381823062896727,0.23799306750297533,0.4873058795928955,0.3297985196113584,0.0010000000474974513
[16],prelu,64,0.028964851051568968,0.2627716004848479,0.5080286860466003,0.3653922557830808,0.024058755487203584,0.2393262684345244,0.4808919429779053,0.3318550586700437,0.0010000000474974513
[16],prelu,64,0.02848700657486914,0.2639798998832701,0.5157021880149841,0.36253148317337014,0.024308996647596344,0.24153249263763413,0.47429120540618896,0.3339582324028013,0.0010000000474974513
[16],prelu,64,0.028215068578720075,0.2607231259346007,0.5196981430053711,0.3610327363014219,0.024569385498762118,0.24220594167709336,0.46741312742233276,0.3361357927322386,0.0010000000474974513
[16],prelu,64,0.027899166941642746,0.2612649500370024,0.5247668027877808,0.3591227173805235,0.023669211566448196,0.23693085908889758,0.4875304102897644,0.32972627878189065,0.0010000000474974513
[16],prelu,64,0.027933367341756804,0.25923612713813765,0.5239400863647461,0.359434926509857,0.023379307240247713,0.23568034172058092,0.4937276244163513,0.3277265667915342,0.0010000000474974513
[16],prelu,64,0.028718682378530484,0.26556181311607346,0.5097442865371704,0.3647546410560606,0.02322887554764746,0.23532484173774706,0.49646520614624023,0.32683929204940776,0.0010000000474974513
[16],prelu,64,0.029201904684305172,0.26244431734085066,0.500524640083313,0.36816837787628154,0.024649925529956804,0.24228520989418015,0.4632655382156372,0.33744210004806496,0.0010000000474974513
[16],prelu,64,0.027780025452375394,0.260589551925659,0.5251755714416504,0.35896822214126567,0.023391982913017258,0.23732108473777758,0.4915417432785034,0.3284332752227781,0.0010000000474974513
[16],prelu,64,0.028759235143661483,0.26348086595535264,0.5074288249015808,0.36561495065689065,0.023811022192239746,0.23878498077392565,0.48138415813446045,0.33169766664504985,0.0010000000474974513
[16],prelu,64,0.0287869445979595,0.263444674015045,0.5064960718154907,0.36596099138259863,0.023876734077930437,0.23844811320304857,0.4793475270271301,0.33234833478927595,0.0010000000474974513
[16],prelu,64,0.030018780380487425,0.26671679019927963,0.48455214500427246,0.37400879859924296,0.024170652776956545,0.2401335239410399,0.4725151062011719,0.33452188968658425,0.0010000000474974513
[16],prelu,64,0.028015780448913556,0.2600505173206328,0.5198154449462891,0.3609886407852171,0.023046530038118348,0.23509876728057846,0.49786561727523804,0.32638449668884256,0.0010000000474974513
[16],prelu,64,0.0283387742936611,0.26111410260200485,0.5137948989868164,0.36324466466903665,0.02331891059875487,0.23614336252212512,0.4911431074142456,0.32856202125549294,0.0010000000474974513
[16],prelu,64,0.028638660907745344,0.2645997226238249,0.5080218315124512,0.36539483070373513,0.02398853078484534,0.2387897729873656,0.4755134582519531,0.3335697770118711,0.0010000000474974513
[16],prelu,64,0.028363251686096175,0.26384038925170883,0.5129906535148621,0.36354492902755714,0.02257912606000899,0.23305372595787036,0.5077564716339111,0.3231540083885191,0.0010000000474974513
[16],prelu,64,0.029034756124019605,0.26608799099922165,0.5007522106170654,0.36808451414108256,0.023598059266805634,0.23888086080551132,0.48367375135421753,0.33096467256546,0.0010000000474974513
[16],prelu,64,0.028118775039911253,0.26147181987762436,0.5165740251541138,0.36220500469207745,0.023437786102294907,0.23799433708190904,0.48736655712127686,0.32977899312973,0.0010000000474974513
[16],prelu,64,0.027912095189094526,0.2603379428386687,0.5201349258422852,0.36086854934692364,0.02329345196485518,0.237466925382614,0.4901896119117737,0.3288696885108946,0.0010000000474974513
[16],prelu,64,0.028917165845632534,0.2629975497722624,0.5017392635345459,0.3677204847335813,0.0235224813222885,0.23846406340599047,0.4841047525405884,0.33082648515701274,0.0010000000474974513
[16],prelu,64,0.02856991589069365,0.2624535441398619,0.5074802041053772,0.3655958890914915,0.02316808998584746,0.23817592263221726,0.4916207790374756,0.3284077763557432,0.0010000000474974513
[16],prelu,64,0.028195133060216888,0.2627556681632994,0.5136005282402039,0.3633172631263731,0.023838226497173296,0.2396815180778502,0.47598427534103394,0.3334200382232664,0.0010000000474974513
[16],prelu,64,0.02805425673723219,0.26216146945953356,0.516036331653595,0.36240638494491556,0.02331992313265799,0.23874247670173632,0.4878416061401367,0.3296261787414549,0.0010000000474974513
[16],prelu,64,0.028246001154184325,0.2626113116741179,0.5124197006225586,0.36375800371170025,0.0238714925944805,0.24091041684150682,0.47478413581848145,0.33380162715911843,0.0010000000474974513
[16],prelu,64,0.02855750620365141,0.26260049343109115,0.5066527128219604,0.3659029126167295,0.022896464914083467,0.23696216940879808,0.49689483642578125,0.32669985294342024,0.0010000000474974513
[16],prelu,64,0.028024075180292114,0.2623492956161497,0.5162267088890076,0.36233510971069316,0.022600083053112018,0.2359782278537749,0.5038520097732544,0.3244330644607542,0.0010000000474974513
[16],prelu,64,0.02768928185105322,0.26203444004058823,0.5222664475440979,0.3600661754608152,0.022697042673826204,0.23563860654830918,0.501240611076355,0.325285756587982,0.0010000000474974513
[16],prelu,64,0.027681747078895553,0.25927639603614794,0.5218392014503479,0.36022714376449566,0.023563338071107852,0.23865516185760485,0.4811707139015198,0.3317659020423887,0.0010000000474974513
[16],prelu,64,0.028072149306535704,0.2628788530826567,0.5147802829742432,0.3628763437271116,0.02305032536387442,0.2363541483879088,0.49269503355026245,0.3280605912208555,0.0010000000474974513
[16],prelu,64,0.028540015965700133,0.2642101407051085,0.5066649913787842,0.36589837074279763,0.02257229089736937,0.23408047556877123,0.503688395023346,0.3244865655899046,0.0010000000474974513
[16],prelu,64,0.02776112481951712,0.26232596039772016,0.5202044248580933,0.360842442512512,0.022755671292543397,0.23406836986541735,0.49935203790664673,0.3259010195732115,0.0005000000237487257
[16],prelu,64,0.027464660257101044,0.2613526761531828,0.5254217386245728,0.3588751316070555,0.023153762519359574,0.2356312036514281,0.49029970169067383,0.3288341760635374,0.0005000000237487257
[16],prelu,64,0.027488773316144927,0.26162810325622543,0.524939775466919,0.35905734300613384,0.022922366112470612,0.23480803370475756,0.49535655975341797,0.3271988868713377,0.0005000000237487257
[16],prelu,64,0.028579542785882935,0.2623108863830565,0.5053990483283997,0.36636750698089576,0.022959201782941804,0.235146528482437,0.494370698928833,0.3275183558464048,0.0005000000237487257
[16],prelu,64,0.028069174289703354,0.26335401535034164,0.5144018530845642,0.3630178570747373,0.022876654565334307,0.23415706157684313,0.4960871934890747,0.3269619584083555,0.0005000000237487257
[16],prelu,64,0.02781937345862387,0.26180831193923937,0.518677830696106,0.36141600608825664,0.022654925286769854,0.23305131196975695,0.5009666085243225,0.3253750920295713,0.0005000000237487257
[16],prelu,64,0.0278741843998432,0.26317462921142565,0.5176494121551514,0.36180192232131936,0.022621160745620716,0.23332103490829453,0.5017749071121216,0.3251114845275877,0.0005000000237487257
[16],prelu,64,0.027774448692798596,0.26165959239006026,0.5193576812744141,0.3611606955528257,0.022878744453191744,0.2342007994651793,0.49573588371276855,0.3270758986473082,0.0005000000237487257
[16],prelu,64,0.027131556719541535,0.25834811925888046,0.5306516885757446,0.35689226388931256,0.022545804083347307,0.2327373147010802,0.5033295750617981,0.32460386753082254,0.0005000000237487257
[16],prelu,64,0.02801023274660109,0.26244710683822614,0.5150812864303589,0.36276379823684674,0.022525855153799044,0.23268181085586534,0.5036039352416992,0.32451417446136455,0.0005000000237487257
[16],prelu,64,0.028352496027946456,0.26358493566513047,0.5090223550796509,0.3650231122970579,0.022498208284378037,0.23296519517898545,0.5042996406555176,0.3242866873741148,0.0005000000237487257
[16],prelu,64,0.027709543704986555,0.2631096482276915,0.5203946828842163,0.36077088117599465,0.02249551489949225,0.23392968177795395,0.5042999982833862,0.32428661584854107,0.0005000000237487257
[16],prelu,64,0.028140264004468903,0.26165075898170453,0.5126301050186157,0.36367950439453106,0.02261671945452689,0.23509672880172716,0.501289427280426,0.32526984214782695,0.0005000000237487257
[16],prelu,64,0.028163248300552352,0.26374785304069503,0.5120340585708618,0.3639018416404722,0.022616556286811817,0.23427107334136948,0.5010654330253601,0.32534286975860577,0.0005000000237487257
[16],prelu,64,0.027889312058687193,0.2629630923271178,0.5166813135147095,0.36216484308242775,0.022778463363647448,0.2351660013198851,0.49719464778900146,0.32660247087478617,0.0005000000237487257
[16],prelu,64,0.02705316469073294,0.2585307598114012,0.5314094424247742,0.35660401582717877,0.022397524863481507,0.23324473500251755,0.5058717131614685,0.3237720608711241,0.0005000000237487257
[16],prelu,64,0.028016529232263547,0.26235972046852096,0.5143628120422363,0.36303244829177833,0.022573761641979204,0.23319631218910203,0.5018128156661987,0.32509911060333235,0.0005000000237487257
[16],prelu,64,0.027587753534317,0.2606455028057097,0.5218949913978577,0.36020615100860576,0.02300169467926024,0.2357661366462706,0.4920122027397156,0.32828131914138775,0.0005000000237487257
[16],prelu,64,0.027848987281322464,0.2605954706668852,0.5173191428184509,0.36192576885223365,0.022371648252010334,0.23305404782295214,0.5065412521362305,0.3235526561737059,0.0005000000237487257
[16],prelu,64,0.028315325081348403,0.26441908478736864,0.5091999769210815,0.3649570584297178,0.022535685449838624,0.23332614898681628,0.5027094483375549,0.32480642795562725,0.0005000000237487257
[16],prelu,64,0.02896869555115698,0.26387817263603197,0.49744337797164917,0.36930227279663064,0.02265537008643149,0.23404365777969346,0.4998122453689575,0.325751209259033,0.0005000000237487257
[16],prelu,64,0.02740273252129553,0.2598711133003233,0.5251374840736389,0.35898263454437235,0.022432170063257203,0.2329232275485991,0.5049437284469604,0.324075937271118,0.0005000000237487257
[16],prelu,64,0.02783007994294165,0.26132186651229844,0.5174916982650757,0.3618610739707945,0.022489399462938296,0.23346172571182236,0.5034117698669434,0.3245770096778868,0.0005000000237487257
[16],prelu,64,0.0281216651201248,0.2627783060073851,0.5121987462043762,0.3638404011726377,0.022657967358827576,0.23439177274703965,0.49952149391174316,0.3258458733558653,0.0005000000237487257
[16],prelu,64,0.027723370492458328,0.26196171641349775,0.5192123651504517,0.3612152695655821,0.022763018310070025,0.23421814441680894,0.4970930218696594,0.3266354799270628,0.0005000000237487257
[16],prelu,64,0.02787535116076468,0.2620438456535338,0.5165349245071411,0.3622196674346922,0.02266081944108008,0.23342016935348497,0.4994601011276245,0.325865864753723,0.0005000000237487257
[16],prelu,64,0.028547327220439893,0.26394159793853744,0.5046254992485046,0.36665389537811255,0.023011227697134005,0.23498883247375474,0.4914216995239258,0.3284720778465269,0.0005000000237487257
[16],prelu,64,0.028037206828594192,0.2627214610576628,0.5136974453926086,0.3632810354232786,0.02249030917882918,0.2333852112293242,0.5033298134803772,0.32460376024246196,0.0005000000237487257
[16],prelu,64,0.028191172331571562,0.2635455608367918,0.5109646916389465,0.36430034637451153,0.02266009524464606,0.2338077306747435,0.49945443868637085,0.3258676886558531,0.0005000000237487257
[16],prelu,64,0.027814029157161697,0.26193764805793746,0.5176486968994141,0.36180220842361427,0.022549322247505176,0.23400760889053332,0.5020127892494202,0.3250338435173033,0.0005000000237487257
[16],prelu,64,0.027474879473447785,0.26059055328369124,0.5235925912857056,0.3595660686492918,0.02254581749439238,0.23457975983619675,0.5019068717956543,0.32506842613220194,0.0005000000237487257
[16],prelu,64,0.028032980114221555,0.2625862419605254,0.5135171413421631,0.36334837675094583,0.022602892667055115,0.23530315160751328,0.5003737807273865,0.32556831836700423,0.0005000000237487257
[16],prelu,64,0.028317866474390014,0.26154155731201156,0.5083715915679932,0.36526490449905374,0.02266486063599585,0.23477736711502062,0.49879658222198486,0.32608180046081525,0.0005000000237487257
[16],prelu,64,0.028473751991987213,0.2625741004943846,0.5053979158401489,0.3663679003715513,0.02273893207311629,0.23496345877647387,0.4969632029533386,0.3266776442527769,0.0005000000237487257
[16],prelu,64,0.02802134379744528,0.260371685028076,0.5133839845657349,0.36339812278747535,0.02238846346735953,0.2334509432315825,0.5049377679824829,0.3240779042243956,0.0002500000118743628
[16],prelu,64,0.02743325158953665,0.2606450915336607,0.5238230228424072,0.35947909355163554,0.022336019575595844,0.2330598413944243,0.5062156319618225,0.3236593723297117,0.0002500000118743628
[16],prelu,64,0.027055650204420075,0.2599475383758543,0.5305688977241516,0.35692369937896706,0.022387815266847598,0.23262097835540757,0.5050959587097168,0.3240261197090147,0.0002500000118743628
[16],prelu,64,0.027275329828262314,0.2589380443096159,0.52665114402771,0.3584100008010862,0.022494897991418825,0.2331386625766753,0.5025774240493774,0.3248495578765867,0.0002500000118743628
[16],prelu,64,0.02736190259456633,0.2591707348823546,0.525084376335144,0.3590026617050169,0.022377240657806382,0.23264760375022875,0.5052213668823242,0.3239850640296934,0.0002500000118743628
[16],prelu,64,0.027634254097938522,0.2608103334903715,0.5202754139900208,0.3608157277107237,0.022387522459030137,0.23271728754043566,0.5050026178359985,0.32405669689178446,0.0002500000118743628
[16],prelu,64,0.02787275388836859,0.2633828580379485,0.5160443782806396,0.36240338087081886,0.02250089496374129,0.23383948802947985,0.5024259686470032,0.32489898204803447,0.0002500000118743628
[16],prelu,64,0.027887490391731246,0.26178676486015307,0.5157928466796875,0.36249754428863507,0.022484634071588502,0.23339459896087633,0.5027871131896973,0.3247810721397398,0.0002500000118743628
[16],prelu,64,0.027056995779275877,0.25923725366592393,0.5304566621780396,0.3569664001464842,0.022483199089765534,0.23366129994392382,0.5028011202812195,0.32477649450302104,0.0002500000118743628
[16],prelu,64,0.028110294789075833,0.26188139319419845,0.5118230581283569,0.36398048400878885,0.022514685988426195,0.2333114147186278,0.50208580493927,0.325010025501251,0.0002500000118743628
[16],prelu,64,0.027697122842073423,0.2620371758937834,0.5191116333007812,0.36125314235687234,0.022510255873203263,0.2329683959484099,0.5021384358406067,0.3249928593635557,0.0002500000118743628
[16],prelu,64,0.0276292249560356,0.26137290000915514,0.5202902555465698,0.36081014871597267,0.022597997635602936,0.23366636037826524,0.5001155138015747,0.3256524324417112,0.0002500000118743628
[16],prelu,64,0.028563623875379546,0.2665150344371794,0.5036911964416504,0.3669995069503782,0.02267021611332892,0.2339578270912169,0.49833887815475464,0.32623064517974837,0.0002500000118743628
[16],prelu,64,0.027760912477970107,0.2637353539466856,0.5177533626556396,0.36176294088363625,0.02268043756484984,0.23400539159774766,0.49799972772598267,0.3263409018516539,0.0002500000118743628
[16],prelu,64,0.027426843345165236,0.25940437316894516,0.5236443281173706,0.35954654216766335,0.02252421677112578,0.2332269430160521,0.5015531182289124,0.32518383264541606,0.0002500000118743628
[16],prelu,64,0.02766312584280966,0.262727254629135,0.519477367401123,0.36111570596694925,0.022424534708261477,0.2331393778324126,0.5037887096405029,0.32445380687713604,0.0002500000118743628
[16],prelu,64,0.027469935268163666,0.2595319569110869,0.5228785276412964,0.3598354339599607,0.022325015813112244,0.2328081607818602,0.5060343146324158,0.3237187743186949,0.0002500000118743628
[16],prelu,64,0.027127725630998595,0.25841444134712205,0.5289297699928284,0.35754629373550395,0.02237832024693488,0.23299083709716784,0.5048083066940308,0.3241202831268309,0.0002500000118743628
[16],prelu,64,0.027899399399757368,0.2616592705249785,0.5152338743209839,0.36270668506622294,0.02241083979606627,0.23365457653999314,0.5040187239646912,0.32437856197357157,0.0002500000118743628
[16],prelu,64,0.027367532998323424,0.25979252457618696,0.5246590375900269,0.3591634154319761,0.022353869676589953,0.2330939412117003,0.5054036378860474,0.32392537593841536,0.0002500000118743628
[16],prelu,64,0.027080963551998124,0.2595672726631163,0.529826283454895,0.35720590353012066,0.02231497764587401,0.23205465674400316,0.5063778758049011,0.32360619306564314,0.0002500000118743628
[16],prelu,64,0.028002579510211928,0.26184679269790634,0.5135455131530762,0.36333779096603375,0.02230357155203818,0.23238551616668687,0.5065878629684448,0.32353734970092757,0.0002500000118743628
[16],prelu,64,0.027904877811670288,0.2620969176292418,0.5151481628417969,0.3627388000488279,0.022367848455905903,0.23291836380958544,0.5049608945846558,0.32407032251358014,0.0002500000118743628
